Year,Month,Day,Hour,Minute,Season,Location,Rainfall (mm),Soil Saturation (%),Temperature (Â°C),Humidity (%),Wind Speed (km/h),Deforestation,Urbanisation,Climate Change Impact,Coastal Vulnerability,Population Score,Topography Drainage,Water Level P1 (m),Water Level P2 (m),Water Level P3 (m),Water Level P4 (m),Water Level P5 (m),Water Level P6 (m),Water Level P7 (m),Water Level P8 (m),Water Level P9 (m),Water Level P10 (m),Water Level P11 (m),Water Level P12 (m),Water Level P13 (m),Water Level P14 (m),Water Level P15 (m),Water Level P16 (m),Water Level P17 (m)
2024,1,1,0,0,Summer,Port Louis,2.49,0.66,28.15,98.01,18.47,0.08,0.98,0.75,0.39,0.72,0.36,0.0,-0.09,0.15,0.1,0.1,-0.03,-0.14,-0.01,-0.77,-0.41,-0.13,0.53,0.62,-0.44,-0.91,-1.35,1.55
2024,1,1,0,15,Summer,Port Louis,3.95,0.87,29.51,88.41,23.99,0.88,0.67,0.72,0.39,0.76,0.26,0.03,0.08,0.16,0.24,0.02,0.14,0.27,-0.3,0.51,0.6,0.57,-0.09,0.03,-1.03,-0.78,1.15,-0.82
2024,1,1,0,30,Summer,Port Louis,2.63,0.73,32.74,90.54,6.07,0.8,0.48,0.9,0.29,0.89,0.79,0.23,0.14,0.18,0.06,0.12,0.27,0.4,0.29,0.26,-0.43,0.21,-0.45,-0.38,0.51,1.14,0.06,-0.55
2024,1,1,0,45,Summer,Port Louis,2.58,0.73,30.8,95.2,14.07,0.5,0.73,0.64,0.84,0.85,0.16,0.33,0.27,0.27,0.25,0.14,0.05,0.13,0.28,-0.18,0.49,-0.44,0.44,-0.7,-0.42,1.28,0.49,0.46
2024,1,1,1,0,Summer,Port Louis,3.56,0.92,30.81,87.14,6.4,0.02,0.81,0.94,0.22,0.85,0.85,0.45,0.14,0.29,0.26,0.26,0.43,0.38,0.01,0.34,0.42,0.01,0.95,1.15,-0.18,-0.66,1.15,-0.96
2024,1,1,1,15,Summer,Port Louis,3.12,0.61,31.07,94.81,12.74,0.29,0.87,0.68,0.39,0.5,0.12,0.26,0.13,0.25,0.3,0.25,0.46,0.22,0.11,0.76,0.83,0.48,0.71,-0.4,-0.35,1.31,-0.09,0.55
2024,1,1,1,30,Summer,Port Louis,0.86,0.68,32.32,97.58,17.79,0.21,0.14,0.93,0.38,0.54,0.52,0.47,0.13,0.28,0.23,0.27,0.12,-0.06,0.61,0.57,-0.02,-0.04,0.43,-0.03,0.99,0.6,0.12,-1.07
2024,1,1,1,45,Summer,Port Louis,1.49,0.72,26.96,92.38,23.09,0.97,0.73,0.7,0.48,0.52,0.69,0.16,0.33,0.29,0.21,0.31,0.49,0.09,0.5,0.11,-0.33,0.18,0.77,-0.52,-0.32,-0.47,0.9,-0.75
2024,1,1,2,0,Summer,Port Louis,2.11,0.57,25.11,92.91,13.32,0.88,0.51,0.95,0.21,0.87,0.59,0.42,0.35,0.24,0.24,0.19,0.24,0.12,0.24,-0.04,0.64,-0.13,0.47,0.86,1.26,1.28,0.69,-1.07
2024,1,1,2,15,Summer,Port Louis,1.71,0.66,31.96,97.24,19.96,0.95,0.31,0.88,0.26,0.53,0.38,0.14,0.27,0.2,0.23,0.22,0.46,-0.09,0.24,0.17,0.1,-0.17,-0.44,0.78,0.46,-0.48,0.5,-0.67
2024,1,1,2,30,Summer,Port Louis,2.91,0.68,27.89,83.32,9.06,0.1,0.98,0.72,0.47,0.7,0.17,0.45,0.36,0.29,0.24,0.19,0.48,0.41,-0.05,0.03,0.17,-0.33,0.43,1.1,1.13,0.99,0.81,-0.48
2024,1,1,2,45,Summer,Port Louis,3.52,0.58,30.29,83.52,13.01,0.79,0.62,0.56,0.21,0.7,0.35,0.08,0.11,0.21,0.26,0.34,0.46,0.33,-0.02,0.35,-0.29,0.5,0.54,0.89,0.55,-0.25,-0.5,-0.62
2024,1,1,3,0,Summer,Port Louis,1.09,0.61,34.6,82.37,5.68,0.39,0.96,0.94,0.46,0.55,0.8,0.33,0.24,0.27,0.25,0.21,0.46,0.56,0.23,0.51,-0.22,-0.26,0.78,1.09,0.17,1.18,1.05,-0.56
2024,1,1,3,15,Summer,Port Louis,0.25,0.8,33.73,76.75,16.32,0.36,0.56,0.84,0.37,0.72,0.48,0.49,0.36,0.24,0.22,0.15,0.03,0.11,0.61,-0.1,-0.23,-0.13,-0.23,1.01,0.02,-0.42,0.32,-1.07
2024,1,1,3,30,Summer,Port Louis,1.9,0.62,29.49,72.5,19.79,0.66,0.5,0.62,0.24,0.62,0.08,0.25,0.37,0.3,0.2,0.25,0.34,0.15,-0.2,-0.15,-0.38,0.86,0.04,1.18,1.12,-0.73,-0.28,-0.08
2024,1,1,3,45,Summer,Port Louis,0.62,0.76,28.75,84.06,11.89,0.38,0.86,0.65,0.44,0.99,0.15,0.47,0.14,0.27,0.27,0.36,0.33,0.07,0.63,0.29,0.53,0.84,-0.21,-0.65,0.36,-0.02,1.21,-0.44
2024,1,1,4,0,Summer,Port Louis,1.24,0.86,33.78,80.11,8.1,0.46,0.82,0.71,0.44,0.8,0.36,0.41,0.18,0.3,0.22,0.25,0.42,0.19,0.4,-0.01,-0.34,0.23,0.24,1.0,0.84,-0.4,1.02,1.47
2024,1,1,4,15,Summer,Port Louis,0.41,0.87,34.06,86.87,6.82,0.6,0.89,0.79,0.35,0.91,0.52,0.29,0.2,0.22,0.22,0.32,0.46,0.49,0.15,-0.28,0.83,0.64,-0.47,1.11,-0.32,0.63,1.15,1.45
2024,1,1,4,30,Summer,Port Louis,1.81,0.86,30.63,77.95,18.67,0.02,0.25,0.68,0.26,0.94,0.15,0.44,0.35,0.29,0.21,0.15,0.22,0.48,0.38,0.56,0.83,-0.22,0.79,0.32,-0.3,-0.25,-0.78,-0.16
2024,1,1,4,45,Summer,Port Louis,4.97,0.88,33.86,97.32,10.51,0.41,0.14,0.95,0.22,0.97,0.48,0.25,0.35,0.3,0.29,0.3,0.22,0.58,0.08,0.2,-0.0,0.74,1.08,1.1,-0.55,0.2,0.62,0.16
2024,1,1,5,0,Summer,Port Louis,1.71,0.66,27.58,89.52,19.43,0.27,0.15,0.54,0.37,0.85,0.26,0.34,0.23,0.25,0.26,0.22,0.34,0.08,0.43,-0.17,0.03,0.86,0.24,-0.11,0.31,-0.17,0.72,0.71
2024,1,1,5,15,Summer,Port Louis,2.1,0.75,34.74,80.06,24.82,0.47,0.03,0.87,0.37,0.79,0.17,0.29,0.36,0.22,0.23,0.21,0.13,0.02,0.56,0.63,0.24,-0.05,0.84,-0.43,1.29,0.68,-0.85,0.05
2024,1,1,5,30,Summer,Port Louis,0.39,0.63,27.53,89.82,12.38,0.46,0.98,0.82,0.22,0.61,0.88,0.01,0.39,0.3,0.24,0.14,0.01,0.03,0.57,0.02,0.37,0.66,0.99,0.11,-0.02,0.01,0.76,0.03
2024,1,1,5,45,Summer,Port Louis,3.24,0.8,31.9,82.83,15.72,0.96,0.95,0.85,0.37,0.53,0.2,0.29,0.19,0.2,0.24,0.36,0.15,0.07,0.04,0.37,0.08,0.53,-0.44,-0.38,-0.27,1.08,1.2,0.77
2024,1,1,6,0,Summer,Port Louis,0.67,0.54,26.31,99.81,10.24,0.04,0.92,0.9,0.31,0.67,0.59,0.28,0.23,0.2,0.2,0.25,0.07,0.24,-0.17,-0.19,0.86,0.78,-0.23,0.09,-0.55,0.77,0.12,-0.74
2024,1,1,6,15,Summer,Port Louis,3.21,0.67,30.38,86.86,10.97,0.59,0.72,0.84,0.25,0.84,0.82,0.44,0.11,0.23,0.28,0.18,0.44,-0.07,-0.0,0.29,0.09,-0.38,-0.36,-0.58,-0.59,-0.13,0.74,0.26
2024,1,1,6,30,Summer,Port Louis,3.21,0.75,33.29,91.95,21.51,0.9,0.23,0.79,0.45,0.55,0.05,0.49,0.2,0.22,0.27,0.37,0.4,0.18,0.18,0.05,-0.17,0.49,-0.18,-0.45,-0.63,0.61,1.0,-0.06
2024,1,1,6,45,Summer,Port Louis,0.5,0.49,29.38,71.08,5.47,0.35,0.06,0.77,0.35,0.96,0.13,0.25,0.17,0.29,0.22,0.28,0.1,0.03,0.24,-0.05,0.34,0.02,-0.26,0.61,-0.46,0.49,-0.43,-0.31
2024,1,1,7,0,Summer,Port Louis,1.75,0.75,28.68,84.7,24.25,0.47,0.27,0.69,0.32,0.91,0.68,0.45,0.34,0.24,0.3,0.14,0.42,0.58,-0.1,-0.03,0.17,0.62,-0.35,0.46,0.33,1.29,1.27,0.87
2024,1,1,7,15,Summer,Port Louis,0.46,0.7,31.15,90.14,15.73,0.32,0.2,0.62,0.46,0.95,0.88,0.46,0.26,0.24,0.27,0.13,0.02,0.36,-0.08,0.03,-0.04,0.1,0.12,-0.37,0.11,0.14,-0.61,0.31
2024,1,1,7,30,Summer,Port Louis,4.41,0.85,28.08,77.36,17.14,0.68,0.52,0.57,0.21,0.95,0.32,0.19,0.26,0.28,0.27,0.38,0.01,0.56,0.16,0.62,0.62,0.5,-0.4,-0.21,0.19,1.22,-0.09,-0.53
2024,1,1,7,45,Summer,Port Louis,1.47,0.45,33.52,84.59,23.75,0.5,0.51,0.67,0.48,0.56,0.82,0.43,0.39,0.3,0.29,0.25,0.4,-0.05,0.24,0.38,-0.2,0.56,0.28,-0.46,0.12,-0.43,-0.42,-0.6
2024,1,1,8,0,Summer,Port Louis,3.78,0.93,34.68,91.34,9.49,0.68,0.85,0.9,0.33,0.95,0.99,0.22,0.14,0.21,0.28,0.4,0.4,0.5,0.4,-0.22,0.58,-0.47,0.11,0.5,-0.12,1.05,1.35,0.27
2024,1,1,8,15,Summer,Port Louis,0.11,0.53,34.33,84.07,22.88,0.09,0.85,0.84,0.44,0.6,0.33,0.31,0.3,0.26,0.24,0.39,0.11,0.11,0.43,0.3,0.57,0.75,-0.05,0.26,-0.61,-0.34,0.69,-0.43
2024,1,1,8,30,Summer,Port Louis,3.58,0.91,25.67,77.23,22.83,0.97,0.29,0.98,0.44,0.99,0.85,0.42,0.19,0.29,0.28,0.26,0.28,0.03,-0.09,-0.03,0.21,0.96,-0.57,1.04,-0.8,-0.68,-0.74,0.06
2024,1,1,8,45,Summer,Port Louis,4.96,0.79,33.58,76.35,11.38,0.96,0.82,0.72,0.41,0.78,1.0,0.03,0.31,0.27,0.26,0.19,0.39,0.2,0.01,0.62,0.88,0.94,-0.57,0.61,0.81,0.51,-0.29,0.97
2024,1,1,9,0,Summer,Port Louis,1.3,0.72,26.81,76.08,17.0,0.38,0.85,0.86,0.5,0.67,0.61,0.47,0.11,0.29,0.24,0.2,0.24,0.32,0.05,0.38,0.66,0.97,0.45,-0.42,-0.67,1.27,0.16,1.24
2024,1,1,9,15,Summer,Port Louis,0.33,0.57,34.88,78.93,9.46,0.31,0.23,0.71,0.32,0.79,0.61,0.1,0.39,0.22,0.24,0.38,0.32,0.41,0.03,-0.22,0.84,0.27,0.72,-0.29,-0.14,0.25,0.15,0.61
2024,1,1,9,30,Summer,Port Louis,3.73,0.79,31.27,92.52,21.55,0.08,0.77,0.67,0.37,0.74,0.41,0.17,0.35,0.26,0.28,0.37,0.27,0.16,0.12,0.35,0.4,0.08,-0.19,0.36,0.6,-0.29,-0.39,-1.06
2024,1,1,9,45,Summer,Port Louis,2.59,0.8,32.82,97.35,24.04,0.24,0.6,0.66,0.41,0.58,0.3,0.48,0.33,0.22,0.23,0.29,0.25,0.36,0.56,0.25,0.73,0.98,-0.59,0.75,-0.3,-0.11,0.65,1.12
2024,1,1,10,0,Summer,Port Louis,3.87,0.74,32.54,95.08,23.54,0.16,0.2,0.99,0.42,0.54,0.8,0.05,0.18,0.21,0.26,0.27,0.25,0.5,0.26,0.77,0.76,0.98,-0.46,-0.27,1.07,0.51,0.11,0.99
2024,1,1,10,15,Summer,Port Louis,4.36,0.88,25.58,98.49,19.9,0.4,0.58,0.84,0.38,0.86,0.48,0.15,0.15,0.2,0.21,0.32,0.47,0.25,0.21,0.29,0.2,0.27,-0.54,0.47,-0.18,-0.27,-0.42,1.12
2024,1,1,10,30,Summer,Port Louis,3.01,0.66,33.85,98.62,10.07,0.98,0.81,0.9,0.4,0.86,0.86,0.09,0.37,0.28,0.2,0.23,0.42,0.14,0.29,-0.15,0.79,-0.41,-0.45,0.6,-0.34,0.74,0.59,-0.03
2024,1,1,10,45,Summer,Port Louis,4.9,0.65,31.55,85.71,24.88,0.65,0.96,0.52,0.43,0.91,0.03,0.34,0.17,0.26,0.25,0.36,0.18,0.07,0.28,0.41,0.78,0.15,0.52,0.39,-0.77,0.87,0.61,0.67
2024,1,1,11,0,Summer,Port Louis,4.87,0.66,27.25,99.99,8.02,0.58,0.21,0.66,0.43,0.62,0.54,0.37,0.35,0.25,0.26,0.27,0.35,0.59,0.39,0.44,0.28,-0.14,1.07,-0.44,0.85,1.14,1.41,-0.31
2024,1,1,11,15,Summer,Port Louis,2.58,0.85,32.19,79.81,22.07,0.62,0.79,0.8,0.4,0.79,0.41,0.01,0.31,0.24,0.23,0.39,0.38,0.5,-0.09,0.22,0.58,0.52,0.59,-0.04,1.26,0.27,-0.96,1.36
2024,1,1,11,30,Summer,Port Louis,0.93,0.56,25.22,84.16,9.16,0.34,1.0,0.95,0.3,0.99,0.77,0.11,0.22,0.21,0.28,0.31,0.22,0.28,0.07,0.03,0.75,0.18,-0.28,0.36,-0.09,0.72,0.95,1.22
2024,1,1,11,45,Summer,Port Louis,1.96,0.87,25.95,75.17,16.63,0.3,0.97,0.54,0.26,0.73,0.05,0.17,0.18,0.26,0.23,0.29,0.12,-0.06,-0.17,-0.01,0.06,-0.0,1.07,-0.3,0.37,-0.67,0.99,0.25
2024,1,1,12,0,Summer,Port Louis,2.34,0.66,34.6,97.46,6.63,0.37,0.58,0.58,0.35,0.96,0.87,0.44,0.23,0.22,0.3,0.14,0.19,0.37,0.6,0.51,0.83,-0.45,0.78,0.76,0.08,1.22,-0.02,-0.12
2024,1,1,12,15,Summer,Port Louis,4.75,0.6,31.34,92.37,14.91,0.34,0.51,0.78,0.29,0.52,0.28,0.25,0.18,0.28,0.3,0.28,0.46,0.43,0.63,-0.08,0.14,0.18,0.1,-0.55,0.35,0.11,-0.6,-0.27
2024,1,1,12,30,Summer,Port Louis,0.73,0.51,25.53,91.86,24.8,0.74,0.71,0.95,0.38,0.67,0.82,0.32,0.14,0.25,0.29,0.26,0.23,0.44,-0.18,0.49,0.16,-0.43,0.01,0.42,-0.33,0.33,-0.03,0.72
2024,1,1,12,45,Summer,Port Louis,1.75,0.78,32.97,87.05,9.16,0.95,0.95,0.72,0.28,0.58,0.16,0.09,0.23,0.26,0.29,0.22,0.31,0.31,0.07,-0.15,0.63,0.44,-0.05,0.31,-0.46,-0.81,1.07,0.02
2024,1,1,13,0,Summer,Port Louis,3.44,0.61,34.14,76.14,24.6,0.02,0.01,0.69,0.32,0.76,0.34,0.2,0.22,0.26,0.25,0.15,0.09,0.37,0.6,0.35,-0.39,0.3,0.84,-0.07,-0.7,0.22,-0.71,-0.59
2024,1,1,13,15,Summer,Port Louis,4.11,0.59,33.75,90.3,24.16,0.67,0.64,0.86,0.3,0.89,0.63,0.35,0.31,0.22,0.29,0.36,0.4,0.08,0.57,-0.15,0.02,0.26,-0.49,-0.37,0.21,0.7,0.94,1.28
2024,1,1,13,30,Summer,Port Louis,2.0,0.78,32.46,85.27,17.19,0.36,0.95,0.82,0.36,0.54,0.62,0.46,0.39,0.23,0.26,0.36,0.49,0.6,0.21,0.53,0.22,0.19,-0.2,-0.0,0.16,0.62,1.19,1.45
2024,1,1,13,45,Summer,Port Louis,0.71,0.63,27.44,84.85,14.4,0.75,0.86,0.65,0.28,0.69,0.72,0.1,0.14,0.24,0.25,0.27,0.19,0.31,0.16,-0.05,0.72,0.24,1.02,0.21,0.86,-0.54,1.04,0.51
2024,1,1,14,0,Summer,Port Louis,3.43,0.82,26.19,78.85,8.44,1.0,0.96,0.83,0.26,0.86,0.49,0.27,0.26,0.25,0.21,0.12,0.11,0.32,-0.11,0.58,0.53,0.28,0.9,1.05,1.25,0.94,1.45,1.5
2024,1,1,14,15,Summer,Port Louis,2.26,0.79,33.02,79.19,24.36,0.32,0.94,0.84,0.24,0.89,0.9,0.28,0.12,0.22,0.24,0.26,0.42,0.31,0.22,0.27,0.51,-0.2,0.69,-0.36,0.85,0.61,-0.2,-0.99
2024,1,1,14,30,Summer,Port Louis,0.71,0.85,28.07,92.63,12.26,0.71,0.68,0.83,0.49,0.51,0.9,0.18,0.23,0.21,0.3,0.31,0.18,0.37,0.31,0.1,0.87,0.01,0.0,1.13,0.76,1.25,0.19,-0.51
2024,1,1,14,45,Summer,Port Louis,4.08,0.87,30.33,84.64,21.31,0.84,0.49,0.53,0.25,0.58,0.8,0.12,0.21,0.21,0.26,0.37,0.31,0.05,0.1,-0.27,0.8,0.55,-0.47,-0.69,0.94,0.2,0.11,0.72
2024,1,1,15,0,Summer,Port Louis,2.1,0.75,34.15,90.92,15.41,0.53,0.62,0.57,0.35,0.69,0.1,0.05,0.32,0.22,0.28,0.35,0.31,0.24,0.49,-0.23,0.88,0.13,-0.59,-0.1,0.22,0.68,-0.79,1.4
2024,1,1,15,15,Summer,Port Louis,0.87,0.94,31.59,76.91,5.21,0.56,0.32,0.7,0.27,0.69,0.18,0.36,0.28,0.26,0.24,0.35,0.28,0.38,0.56,0.03,0.27,0.29,-0.53,-0.59,-0.76,1.32,-0.64,0.83
2024,1,1,15,30,Summer,Port Louis,4.65,0.91,26.18,77.57,12.78,0.3,0.83,0.98,0.45,0.89,0.86,0.32,0.28,0.22,0.25,0.3,0.09,0.42,-0.18,-0.04,-0.06,0.7,-0.28,0.66,0.18,0.74,-0.36,1.49
2024,1,1,15,45,Summer,Port Louis,0.02,0.8,32.03,88.1,18.98,0.98,0.65,0.94,0.49,0.81,0.5,0.32,0.22,0.29,0.2,0.21,0.42,0.47,0.63,-0.16,-0.36,-0.29,0.95,1.04,0.95,0.06,0.61,-0.8
2024,1,1,16,0,Summer,Port Louis,3.44,0.87,30.87,78.56,24.95,0.51,0.07,0.65,0.46,0.87,0.45,0.0,0.19,0.23,0.22,0.3,0.21,-0.05,0.27,0.39,0.31,0.08,0.15,-0.45,0.93,1.34,-0.57,1.41
2024,1,1,16,15,Summer,Port Louis,0.98,0.68,30.15,83.24,5.45,0.58,0.21,0.81,0.46,0.86,0.31,0.17,0.33,0.25,0.26,0.37,0.35,-0.03,0.09,-0.01,0.71,0.4,-0.47,0.92,0.61,-0.7,0.2,-0.98
2024,1,1,16,30,Summer,Port Louis,4.45,0.69,32.23,74.26,6.79,0.56,0.75,0.83,0.39,0.92,0.89,0.44,0.17,0.24,0.26,0.14,0.16,0.25,0.11,0.72,0.37,-0.37,0.74,-0.12,0.53,0.38,-0.73,1.11
2024,1,1,16,45,Summer,Port Louis,0.58,0.73,33.77,81.71,15.68,0.2,0.65,0.67,0.21,0.82,0.51,0.36,0.13,0.26,0.25,0.12,0.02,-0.01,0.67,-0.21,-0.23,-0.26,-0.18,0.71,0.54,-0.58,-0.52,-0.24
2024,1,1,17,0,Summer,Port Louis,4.32,0.73,27.85,84.78,5.98,0.84,0.81,0.57,0.28,0.84,0.35,0.36,0.25,0.21,0.26,0.12,0.42,0.06,-0.16,0.17,0.64,0.41,0.87,0.54,-0.06,-0.48,-0.33,-1.05
2024,1,1,17,15,Summer,Port Louis,1.5,0.72,31.62,78.44,22.18,0.86,0.8,0.94,0.43,0.59,0.0,0.22,0.14,0.26,0.25,0.11,0.06,0.36,0.51,0.71,0.16,0.49,0.67,0.06,0.48,-0.06,-0.19,-0.47
2024,1,1,17,30,Summer,Port Louis,2.48,0.96,27.52,97.17,17.11,0.26,0.36,0.82,0.35,0.51,0.99,0.48,0.11,0.26,0.24,0.28,0.09,-0.1,0.15,-0.12,0.21,0.66,0.13,0.67,-0.27,1.35,0.61,-0.3
2024,1,1,17,45,Summer,Port Louis,3.22,0.8,26.51,92.53,12.6,0.46,0.43,0.66,0.47,0.95,0.4,0.42,0.35,0.25,0.22,0.29,0.36,0.56,-0.0,0.44,-0.31,-0.28,0.45,0.28,-0.22,1.21,1.05,1.26
2024,1,1,18,0,Summer,Port Louis,2.87,0.78,30.58,84.48,13.61,0.44,0.32,0.72,0.21,0.56,0.06,0.3,0.22,0.29,0.21,0.35,0.41,0.26,0.66,0.21,-0.01,0.22,-0.39,-0.5,0.73,-0.12,0.83,-0.66
2024,1,1,18,15,Summer,Port Louis,0.76,0.56,28.73,87.96,7.02,0.1,0.65,0.9,0.21,0.56,0.04,0.4,0.12,0.29,0.23,0.13,0.24,0.34,0.68,-0.3,-0.05,-0.45,0.63,-0.23,0.94,0.83,-0.85,0.96
2024,1,1,18,30,Summer,Port Louis,0.97,0.53,31.72,98.47,7.37,0.05,0.68,0.53,0.45,0.74,0.82,0.29,0.24,0.21,0.24,0.22,0.09,0.24,0.29,0.31,-0.28,0.1,0.22,0.45,-0.08,0.93,0.13,0.43
2024,1,1,18,45,Summer,Port Louis,2.65,0.58,32.25,74.38,14.65,0.3,0.46,0.64,0.34,0.61,0.69,0.43,0.28,0.21,0.22,0.27,0.15,0.13,0.43,0.21,0.49,-0.36,0.48,-0.13,0.17,0.19,-0.64,-0.8
2024,1,1,19,0,Summer,Port Louis,4.73,0.68,30.28,97.25,11.16,0.12,0.92,0.66,0.38,0.6,0.18,0.22,0.18,0.22,0.29,0.26,0.47,0.25,0.63,-0.12,0.77,-0.06,0.56,0.63,0.14,-0.75,0.41,-1.0
2024,1,1,19,15,Summer,Port Louis,4.02,0.58,29.86,92.05,13.32,0.12,0.86,0.57,0.3,0.85,0.04,0.29,0.19,0.22,0.2,0.2,0.2,0.44,0.28,0.75,0.43,-0.02,1.0,0.87,-0.41,-0.21,-0.4,-0.2
2024,1,1,19,30,Summer,Port Louis,4.52,0.58,33.07,77.66,20.57,0.54,0.22,0.81,0.2,0.98,0.05,0.11,0.35,0.29,0.22,0.31,0.2,0.57,-0.15,0.03,0.36,-0.33,-0.24,-0.04,-0.24,-0.17,0.05,0.57
2024,1,1,19,45,Summer,Port Louis,3.55,0.77,32.11,97.73,24.62,0.71,0.98,0.61,0.25,0.7,0.84,0.44,0.23,0.25,0.24,0.2,0.25,0.46,0.46,0.02,-0.32,0.89,-0.24,-0.26,0.29,-0.66,0.07,-0.25
2024,1,1,20,0,Summer,Port Louis,3.19,0.86,32.28,70.56,20.62,0.83,0.73,0.99,0.42,0.92,0.72,0.42,0.23,0.29,0.21,0.37,0.14,-0.01,-0.07,-0.19,0.57,0.57,0.71,-0.28,0.81,-0.48,-0.95,0.12
2024,1,1,20,15,Summer,Port Louis,4.77,0.76,29.44,89.55,13.23,0.26,0.62,0.95,0.22,0.84,0.76,0.11,0.25,0.23,0.26,0.23,0.25,0.5,0.33,0.01,0.14,0.67,0.61,0.23,0.88,0.81,0.82,-1.01
2024,1,1,20,30,Summer,Port Louis,3.86,0.5,26.48,85.21,10.01,0.27,0.08,0.7,0.5,0.9,0.86,0.11,0.18,0.2,0.25,0.36,0.16,0.42,0.59,-0.06,0.62,-0.0,-0.6,-0.23,-0.74,0.84,0.59,0.22
2024,1,1,20,45,Summer,Port Louis,3.94,0.57,29.03,92.16,7.48,0.67,0.89,0.9,0.45,0.52,0.18,0.35,0.34,0.23,0.22,0.33,0.25,0.54,0.27,0.53,0.23,-0.35,-0.33,-0.17,0.33,1.19,-0.99,1.08
2024,1,1,21,0,Summer,Port Louis,4.58,0.68,30.5,99.86,23.15,0.27,0.33,0.87,0.38,0.92,0.49,0.36,0.37,0.27,0.29,0.36,0.5,0.16,0.12,-0.12,-0.22,0.18,1.04,-0.41,0.88,0.06,-0.22,0.26
2024,1,1,21,15,Summer,Port Louis,4.01,0.65,26.13,82.01,8.73,0.02,0.23,0.75,0.29,0.56,0.55,0.39,0.24,0.21,0.29,0.22,0.22,0.32,0.36,-0.25,0.38,0.83,0.79,0.45,0.09,-0.14,0.68,-1.04
2024,1,1,21,30,Summer,Port Louis,3.16,0.82,29.64,86.04,19.96,0.38,0.2,0.62,0.45,0.93,0.62,0.26,0.32,0.29,0.25,0.25,0.26,-0.07,0.05,0.48,0.83,-0.11,-0.54,0.25,-0.22,0.71,-0.31,1.44
2024,1,1,21,45,Summer,Port Louis,3.02,0.79,33.74,99.55,13.71,0.85,0.28,0.84,0.4,0.83,0.84,0.09,0.25,0.24,0.23,0.22,0.16,0.03,0.67,0.09,-0.32,-0.12,0.92,0.35,0.34,-0.67,-0.28,0.66
2024,1,1,22,0,Summer,Port Louis,1.04,0.56,31.65,79.99,19.55,0.9,0.4,0.66,0.35,0.68,0.1,0.19,0.25,0.21,0.3,0.14,0.24,0.39,-0.16,-0.16,0.12,-0.28,0.81,-0.03,-0.25,0.43,-0.38,0.71
2024,1,1,22,15,Summer,Port Louis,0.38,0.95,32.83,81.38,7.68,0.26,0.01,0.63,0.31,0.61,0.84,0.1,0.3,0.22,0.21,0.11,0.22,0.25,0.0,0.46,-0.08,0.92,0.15,-0.43,1.16,0.92,0.31,1.51
2024,1,1,22,30,Summer,Port Louis,1.9,0.82,25.59,71.86,15.19,0.09,0.23,0.96,0.39,0.64,0.05,0.41,0.28,0.27,0.29,0.21,0.4,0.39,0.51,0.03,-0.34,-0.1,0.93,0.7,-0.74,-0.39,0.02,0.74
2024,1,1,22,45,Summer,Port Louis,2.73,0.77,31.45,75.61,21.86,0.26,0.51,0.63,0.22,0.96,0.79,0.43,0.28,0.27,0.2,0.3,0.12,0.52,-0.14,0.55,0.22,0.87,1.04,0.88,0.88,-0.11,-0.25,0.12
2024,1,1,23,0,Summer,Port Louis,0.18,0.77,32.21,73.61,18.27,0.09,0.5,0.63,0.42,0.79,0.24,0.5,0.36,0.22,0.23,0.35,0.31,0.03,0.33,0.18,-0.05,-0.32,0.19,1.13,0.87,1.03,0.39,-0.51
2024,1,1,23,15,Summer,Port Louis,2.38,0.65,34.95,84.82,21.91,0.08,0.19,0.96,0.29,0.58,0.22,0.12,0.21,0.27,0.29,0.12,0.34,0.47,0.49,0.23,0.18,0.33,0.82,1.15,0.1,-0.6,1.28,0.85
2024,1,1,23,30,Summer,Port Louis,0.69,0.68,26.32,91.0,20.91,0.25,0.83,0.92,0.23,0.72,0.58,0.15,0.16,0.28,0.28,0.23,0.4,0.47,-0.13,0.69,0.45,0.59,0.23,0.83,-0.37,0.54,-0.45,0.91
2024,1,1,23,45,Summer,Port Louis,0.71,0.68,34.21,97.32,18.64,0.44,0.52,0.56,0.41,0.55,0.86,0.06,0.18,0.21,0.2,0.2,0.04,0.24,0.09,0.4,-0.11,0.79,0.75,-0.62,0.82,0.58,-0.35,1.4
2024,1,2,0,0,Summer,Port Louis,2.03,0.57,28.45,85.4,5.92,0.69,0.52,0.67,0.45,0.86,0.02,0.0,-0.02,0.05,0.17,-0.34,-0.28,0.2,-0.02,-0.69,-0.04,-0.37,-0.56,-0.6,0.29,0.89,-0.99,-0.44
2024,1,2,0,15,Summer,Port Louis,4.58,0.68,28.05,82.01,21.73,0.83,0.19,0.64,0.27,0.84,0.17,0.0,0.09,0.17,0.06,0.05,0.38,0.29,-0.51,-0.18,0.13,-0.18,-0.61,0.72,-0.23,0.59,0.85,1.05
2024,1,2,0,30,Summer,Port Louis,4.3,0.75,34.61,98.13,13.1,0.69,0.65,1.0,0.42,0.81,0.71,0.07,0.13,0.14,0.07,0.14,-0.07,-0.04,0.29,-0.12,0.75,0.93,-0.18,0.12,-0.44,-1.06,0.54,0.01
2024,1,2,0,45,Summer,Port Louis,3.58,0.67,33.38,93.16,14.38,0.95,0.9,0.5,0.95,0.56,0.99,0.13,0.28,0.29,0.23,0.29,0.15,0.15,0.13,0.35,0.28,0.9,-0.5,1.0,0.9,-0.03,1.04,-0.21
2024,1,2,1,0,Summer,Port Louis,2.98,0.87,26.04,86.26,19.8,0.46,0.18,0.93,0.21,0.81,0.93,0.43,0.17,0.23,0.29,0.27,0.32,0.43,0.56,0.0,-0.3,0.15,-0.51,0.36,0.95,0.95,-0.65,-0.83
2024,1,2,1,15,Summer,Port Louis,0.38,0.6,32.92,91.27,9.87,0.51,0.79,0.78,0.46,0.66,0.77,0.1,0.36,0.24,0.21,0.31,0.31,-0.03,0.12,0.73,0.57,0.87,0.08,-0.13,1.22,-0.54,0.85,0.01
2024,1,2,1,30,Summer,Port Louis,4.22,0.84,29.38,99.81,5.47,0.28,0.36,0.96,0.28,0.86,0.46,0.34,0.14,0.23,0.29,0.13,0.03,0.38,0.15,0.2,-0.2,0.92,-0.44,-0.58,0.83,0.73,-0.94,0.09
2024,1,2,1,45,Summer,Port Louis,2.24,0.67,27.83,98.24,23.69,0.17,0.72,0.67,0.45,0.83,0.64,0.23,0.24,0.28,0.22,0.27,0.12,0.3,-0.11,0.63,0.41,0.72,-0.19,-0.13,0.01,0.47,-0.33,1.53
2024,1,2,2,0,Summer,Port Louis,0.99,0.84,34.77,70.81,6.0,0.74,0.41,0.83,0.22,0.91,0.93,0.21,0.33,0.22,0.21,0.29,0.29,0.56,0.39,-0.3,-0.16,0.47,0.66,-0.06,1.27,0.31,0.3,-0.79
2024,1,2,2,15,Summer,Port Louis,3.07,0.8,27.42,90.29,23.81,0.08,0.26,0.98,0.29,0.73,0.45,0.09,0.12,0.28,0.27,0.14,0.49,-0.1,0.17,0.47,0.61,0.21,0.87,-0.37,0.77,0.17,0.6,-0.2
2024,1,2,2,30,Summer,Port Louis,2.51,0.82,28.58,89.89,9.41,0.21,0.55,0.61,0.27,0.91,0.47,0.45,0.21,0.29,0.25,0.18,0.15,0.38,-0.03,0.66,-0.13,-0.06,1.02,1.15,0.77,-0.65,-0.75,0.13
2024,1,2,2,45,Summer,Port Louis,2.92,0.63,28.31,77.09,9.93,0.66,0.51,0.54,0.22,0.73,0.52,0.25,0.32,0.28,0.26,0.26,0.11,0.3,0.21,-0.18,0.1,0.01,-0.26,-0.19,1.22,-0.86,0.8,-1.1
2024,1,2,3,0,Summer,Port Louis,1.17,0.66,30.29,77.55,20.01,0.18,0.51,0.96,0.36,0.84,0.98,0.49,0.34,0.28,0.28,0.33,0.47,0.34,0.25,0.75,0.46,-0.49,0.14,0.88,1.23,-0.32,1.24,1.34
2024,1,2,3,15,Summer,Port Louis,3.53,0.9,28.7,81.38,22.54,0.78,0.35,0.89,0.34,0.6,0.04,0.11,0.38,0.29,0.23,0.17,0.01,0.51,0.43,0.5,0.84,0.36,-0.24,0.25,-0.34,-0.88,1.15,1.55
2024,1,2,3,30,Summer,Port Louis,1.11,0.85,33.05,73.48,16.27,0.55,0.68,0.57,0.48,0.58,0.8,0.2,0.16,0.27,0.22,0.18,0.38,0.26,0.22,0.72,0.31,0.59,-0.29,0.38,-0.12,0.77,0.62,-0.96
2024,1,2,3,45,Summer,Port Louis,3.93,0.83,29.53,87.95,16.95,0.37,0.8,0.56,0.4,0.77,0.19,0.2,0.26,0.21,0.22,0.29,0.16,0.15,-0.18,-0.29,0.32,0.26,0.23,-0.21,0.74,0.82,-0.88,-0.88
2024,1,2,4,0,Summer,Port Louis,1.49,0.84,25.61,85.41,22.75,0.66,0.64,0.75,0.45,0.62,0.64,0.09,0.12,0.29,0.29,0.14,0.42,0.43,-0.07,0.33,0.44,0.34,-0.22,0.85,-0.13,-0.45,-0.19,-0.86
2024,1,2,4,15,Summer,Port Louis,2.81,0.94,27.88,79.39,12.93,0.52,0.45,0.58,0.25,0.66,0.11,0.02,0.31,0.3,0.27,0.23,0.19,0.29,0.55,0.63,0.75,0.08,0.16,0.86,0.28,-0.53,1.32,-0.17
2024,1,2,4,30,Summer,Port Louis,2.31,0.68,28.09,97.39,15.96,0.72,0.49,0.62,0.24,0.77,0.32,0.08,0.24,0.21,0.21,0.34,0.14,-0.1,0.66,-0.22,0.33,0.21,-0.12,-0.16,0.06,0.52,-0.31,-0.14
2024,1,2,4,45,Summer,Port Louis,4.62,0.6,28.0,71.37,18.01,0.09,0.5,0.8,0.37,0.55,0.48,0.13,0.15,0.28,0.23,0.18,0.4,0.07,-0.11,0.37,0.24,0.68,0.19,1.02,0.71,-0.78,-0.63,-0.37
2024,1,2,5,0,Summer,Port Louis,0.51,0.63,27.2,89.48,5.3,0.68,0.12,0.98,0.27,0.66,0.37,0.16,0.26,0.22,0.28,0.2,0.5,0.07,0.7,-0.02,-0.35,0.09,-0.12,-0.53,0.79,-0.82,-0.52,1.11
2024,1,2,5,15,Summer,Port Louis,1.21,0.77,31.26,94.48,6.76,0.79,0.1,0.82,0.5,0.82,0.79,0.04,0.22,0.2,0.27,0.38,0.48,0.39,0.41,0.14,0.51,0.0,-0.1,0.92,0.46,-0.6,-0.03,0.39
2024,1,2,5,30,Summer,Port Louis,2.07,0.63,34.07,96.37,18.05,0.63,0.03,0.82,0.39,0.85,0.8,0.15,0.22,0.28,0.22,0.26,0.06,0.28,0.32,0.17,0.65,-0.44,0.5,-0.01,0.18,-0.39,0.3,1.24
2024,1,2,5,45,Summer,Port Louis,2.57,0.81,28.5,84.12,15.46,0.16,0.85,0.64,0.32,0.54,0.48,0.37,0.4,0.26,0.2,0.32,0.21,0.13,0.16,0.01,0.55,0.74,-0.37,0.85,0.48,1.37,0.07,-0.71
2024,1,2,6,0,Summer,Port Louis,0.81,0.76,28.2,90.85,15.25,0.14,0.19,0.93,0.3,0.64,0.43,0.28,0.23,0.26,0.26,0.23,0.16,0.4,0.39,0.79,0.83,0.79,0.74,0.51,-0.28,-0.64,0.99,-0.77
2024,1,2,6,15,Summer,Port Louis,4.46,0.65,28.16,89.66,9.33,0.79,0.08,0.7,0.46,0.63,0.0,0.44,0.15,0.23,0.27,0.3,0.29,0.21,0.3,0.4,0.45,0.3,0.85,0.0,-0.23,0.02,-0.77,0.62
2024,1,2,6,30,Summer,Port Louis,2.22,0.52,33.34,99.76,5.88,0.14,0.2,0.89,0.23,0.68,0.97,0.24,0.36,0.24,0.24,0.39,0.16,0.27,0.69,0.71,0.47,-0.01,-0.1,0.78,0.85,0.7,0.34,0.05
2024,1,2,6,45,Summer,Port Louis,4.05,0.83,28.74,98.5,9.3,0.7,0.96,0.91,0.48,0.56,0.48,0.01,0.35,0.22,0.23,0.18,0.38,0.27,0.02,0.58,0.46,-0.24,-0.42,0.56,-0.21,-0.73,0.89,0.88
2024,1,2,7,0,Summer,Port Louis,3.97,0.85,25.92,90.9,8.48,0.08,0.23,0.96,0.31,0.56,0.83,0.09,0.29,0.22,0.24,0.17,0.03,0.45,0.09,-0.27,-0.37,-0.42,-0.57,1.2,0.47,0.56,-0.41,-0.56
2024,1,2,7,15,Summer,Port Louis,4.55,0.88,29.36,77.96,9.81,0.08,0.13,0.55,0.29,0.53,0.37,0.24,0.3,0.26,0.26,0.29,0.12,0.16,0.65,0.63,-0.04,0.28,0.74,1.13,0.08,1.18,-0.03,-0.47
2024,1,2,7,30,Summer,Port Louis,4.61,0.97,32.7,99.31,19.93,0.0,0.66,0.67,0.28,0.63,0.55,0.12,0.11,0.29,0.22,0.17,0.5,0.39,0.41,0.65,0.52,0.53,-0.09,1.19,-0.27,0.65,0.15,1.53
2024,1,2,7,45,Summer,Port Louis,4.69,0.7,33.94,81.52,5.1,0.18,0.93,0.86,0.49,0.73,0.5,0.07,0.36,0.21,0.22,0.14,0.15,-0.09,0.6,0.11,0.7,0.01,0.98,0.19,-0.13,1.15,0.61,-0.19
2024,1,2,8,0,Summer,Port Louis,1.35,0.54,28.02,88.99,16.51,0.46,0.3,0.53,0.47,0.55,0.34,0.22,0.19,0.29,0.25,0.28,0.17,0.26,0.61,0.4,0.71,0.7,0.9,0.88,0.29,-0.57,-0.67,-0.16
2024,1,2,8,15,Summer,Port Louis,0.34,0.5,32.26,96.66,8.28,0.78,0.94,0.91,0.41,0.5,0.97,0.48,0.14,0.22,0.28,0.23,0.29,0.39,0.23,0.64,0.74,-0.1,-0.06,-0.28,-0.2,0.75,0.13,0.58
2024,1,2,8,30,Summer,Port Louis,2.33,0.77,32.37,97.61,11.54,0.44,0.33,0.68,0.27,0.7,0.74,0.37,0.24,0.26,0.25,0.31,0.05,0.09,0.65,0.2,0.83,0.1,-0.01,-0.34,1.15,0.84,1.13,-0.28
2024,1,2,8,45,Summer,Port Louis,0.32,0.73,32.43,88.86,6.4,0.08,0.85,0.7,0.32,0.84,0.7,0.15,0.23,0.29,0.23,0.14,0.32,0.58,0.02,0.64,-0.31,0.02,0.9,0.1,0.46,0.75,-0.96,0.14
2024,1,2,9,0,Summer,Port Louis,1.5,0.63,32.75,80.84,22.06,0.31,0.27,0.57,0.43,0.69,0.74,0.14,0.11,0.24,0.29,0.19,0.34,0.26,0.69,0.02,0.22,-0.2,-0.01,0.12,-0.68,0.69,-0.45,1.12
2024,1,2,9,15,Summer,Port Louis,0.02,0.71,28.54,87.78,24.15,0.01,0.91,0.93,0.23,0.93,0.92,0.16,0.21,0.26,0.27,0.14,0.01,0.42,-0.2,0.55,0.23,0.79,0.9,0.51,-0.6,0.46,-0.62,1.27
2024,1,2,9,30,Summer,Port Louis,1.4,0.86,26.02,79.61,15.93,0.87,0.19,0.79,0.28,0.95,0.7,0.45,0.13,0.25,0.2,0.15,0.29,0.03,0.56,-0.03,-0.21,-0.01,-0.41,-0.09,0.57,0.69,0.86,-0.37
2024,1,2,9,45,Summer,Port Louis,2.99,0.61,28.72,86.01,14.25,0.64,0.2,0.82,0.37,0.72,0.37,0.36,0.14,0.23,0.29,0.24,0.19,0.21,0.09,0.21,-0.14,0.88,0.94,-0.04,0.62,0.46,-0.27,0.81
2024,1,2,10,0,Summer,Port Louis,4.3,0.79,30.81,95.72,9.08,0.04,0.87,0.57,0.26,0.51,0.17,0.36,0.28,0.28,0.25,0.21,0.28,0.33,0.47,0.66,0.59,0.7,0.31,1.2,0.8,1.21,1.29,0.05
2024,1,2,10,15,Summer,Port Louis,1.56,0.79,25.68,75.17,10.21,0.52,0.9,0.92,0.45,0.84,0.19,0.36,0.38,0.27,0.27,0.4,0.39,0.43,0.03,0.18,-0.12,-0.42,0.97,0.91,-0.25,-0.61,-0.85,1.43
2024,1,2,10,30,Summer,Port Louis,2.22,0.91,32.63,77.73,21.96,0.56,0.72,0.87,0.3,0.6,0.85,0.05,0.25,0.29,0.2,0.22,0.11,0.2,0.19,0.05,-0.23,0.63,0.11,0.07,0.55,-0.09,-0.74,1.52
2024,1,2,10,45,Summer,Port Louis,2.58,0.92,34.05,75.66,13.05,0.21,0.95,0.88,0.29,0.88,0.71,0.0,0.26,0.26,0.23,0.15,0.49,-0.08,0.37,0.47,0.85,0.39,-0.25,0.1,-0.21,0.17,1.32,0.38
2024,1,2,11,0,Summer,Port Louis,2.26,0.54,33.73,84.25,23.54,0.2,0.21,0.96,0.39,0.67,0.9,0.3,0.28,0.23,0.26,0.19,0.03,0.44,0.36,0.77,0.13,0.07,0.35,0.05,0.78,0.3,-0.48,-0.66
2024,1,2,11,15,Summer,Port Louis,3.19,0.76,26.01,85.45,22.35,0.25,0.53,0.55,0.49,0.8,0.16,0.42,0.31,0.21,0.24,0.33,0.34,0.54,0.21,-0.12,0.38,-0.21,0.38,-0.19,0.89,0.34,0.58,0.33
2024,1,2,11,30,Summer,Port Louis,0.6,0.7,29.1,99.53,6.83,0.3,0.4,0.76,0.23,0.73,0.4,0.29,0.16,0.29,0.26,0.3,0.03,0.42,0.55,-0.03,-0.3,-0.25,0.98,0.29,0.82,-0.08,-0.97,0.21
2024,1,2,11,45,Summer,Port Louis,1.58,0.81,30.66,72.04,6.01,0.25,0.91,0.72,0.21,0.64,0.79,0.44,0.22,0.29,0.24,0.26,0.09,0.35,0.45,-0.26,0.59,-0.42,-0.09,-0.6,-0.35,1.27,1.32,-0.38
2024,1,2,12,0,Summer,Port Louis,2.05,0.64,26.43,87.69,8.61,0.81,0.6,0.77,0.49,0.53,0.47,0.09,0.33,0.26,0.26,0.3,0.08,0.34,0.21,-0.3,0.5,-0.37,-0.04,1.03,0.3,1.0,0.93,-0.95
2024,1,2,12,15,Summer,Port Louis,2.1,0.47,30.04,74.42,22.4,0.48,0.59,0.7,0.24,0.66,0.81,0.38,0.27,0.28,0.25,0.13,0.37,0.36,0.01,0.78,0.58,0.33,0.37,0.26,0.38,0.55,-0.88,0.23
2024,1,2,12,30,Summer,Port Louis,4.89,0.73,33.18,72.7,14.57,0.69,0.01,0.91,0.41,0.69,0.99,0.29,0.28,0.3,0.29,0.14,0.35,0.32,0.23,-0.29,-0.09,0.22,0.62,1.14,0.5,0.09,0.45,0.39
2024,1,2,12,45,Summer,Port Louis,4.15,0.77,25.16,75.15,8.05,0.72,0.22,0.95,0.25,0.78,0.19,0.32,0.33,0.26,0.27,0.2,0.25,0.26,-0.18,0.4,0.26,-0.26,0.98,0.95,0.8,1.38,1.37,1.03
2024,1,2,13,0,Summer,Port Louis,2.44,0.95,28.5,83.57,13.17,0.54,0.65,0.79,0.3,0.73,0.89,0.29,0.24,0.21,0.28,0.18,0.3,0.52,0.68,0.07,-0.17,0.18,-0.07,-0.23,-0.13,1.39,-0.53,1.13
2024,1,2,13,15,Summer,Port Louis,0.05,0.64,32.68,99.48,11.24,0.99,0.11,0.84,0.41,0.83,0.31,0.32,0.1,0.24,0.25,0.34,0.06,0.41,0.49,-0.17,0.23,-0.1,0.97,-0.47,-0.46,-0.85,0.45,1.54
2024,1,2,13,30,Summer,Port Louis,1.13,0.73,29.84,74.5,5.13,0.36,0.42,0.69,0.36,0.9,0.78,0.15,0.12,0.23,0.21,0.35,0.32,0.01,0.7,0.13,0.82,-0.28,-0.56,0.43,1.28,0.26,-0.71,-0.42
2024,1,2,13,45,Summer,Port Louis,0.39,0.82,25.9,80.18,16.24,0.74,0.44,0.92,0.45,0.79,0.51,0.15,0.29,0.21,0.29,0.25,0.47,0.06,-0.16,0.21,-0.2,0.2,1.09,-0.39,1.11,-0.37,-0.75,-0.24
2024,1,2,14,0,Summer,Port Louis,2.47,0.86,29.08,80.44,9.03,0.4,0.75,0.78,0.24,0.61,1.0,0.08,0.34,0.23,0.2,0.21,0.04,0.25,0.69,0.13,0.76,0.83,0.49,0.97,-0.75,0.14,-0.05,-0.46
2024,1,2,14,15,Summer,Port Louis,2.11,0.6,27.54,95.32,12.64,0.85,0.3,0.84,0.3,0.65,0.01,0.04,0.38,0.25,0.22,0.19,0.44,-0.04,0.49,-0.25,0.44,-0.02,0.71,1.17,0.95,0.49,0.84,-0.91
2024,1,2,14,30,Summer,Port Louis,2.4,0.88,31.82,86.14,6.94,0.0,0.5,0.5,0.21,0.71,0.24,0.39,0.2,0.23,0.24,0.15,0.37,0.25,0.48,0.03,-0.31,0.99,0.06,-0.43,-0.71,0.78,1.26,0.58
2024,1,2,14,45,Summer,Port Louis,1.29,0.52,25.83,87.54,12.96,0.36,0.24,0.68,0.41,0.58,0.94,0.39,0.33,0.25,0.3,0.27,0.08,0.27,0.57,0.44,0.36,0.7,1.03,1.05,-0.31,-0.78,0.88,0.74
2024,1,2,15,0,Summer,Port Louis,0.18,0.85,28.96,89.44,12.13,0.03,0.06,0.84,0.42,0.72,0.16,0.31,0.13,0.26,0.21,0.13,0.16,-0.03,0.24,0.61,0.33,0.79,0.72,1.12,-0.41,-0.81,0.15,-0.58
2024,1,2,15,15,Summer,Port Louis,2.85,0.95,32.85,78.98,24.3,0.85,0.33,0.74,0.44,0.83,0.76,0.21,0.23,0.28,0.24,0.2,0.28,0.56,-0.1,0.39,0.11,0.43,0.41,-0.19,0.55,0.4,1.21,-0.91
2024,1,2,15,30,Summer,Port Louis,2.6,0.59,25.71,84.0,21.47,0.4,0.74,0.86,0.34,0.54,0.93,0.1,0.27,0.27,0.21,0.27,0.16,0.31,0.32,0.39,-0.19,0.67,1.0,-0.25,0.7,1.31,-0.57,0.4
2024,1,2,15,45,Summer,Port Louis,2.79,0.98,29.47,78.87,19.59,0.15,0.06,0.93,0.23,0.91,0.34,0.09,0.38,0.27,0.2,0.26,0.31,0.31,0.66,0.33,0.74,0.24,0.07,0.2,0.55,1.38,-0.6,-0.79
2024,1,2,16,0,Summer,Port Louis,3.7,0.75,25.79,90.16,20.3,0.04,0.87,0.8,0.38,0.93,0.7,0.32,0.23,0.24,0.22,0.15,0.04,0.11,0.02,-0.21,0.55,-0.45,0.6,-0.11,0.19,-0.15,-0.96,0.94
2024,1,2,16,15,Summer,Port Louis,0.39,0.85,34.07,76.03,5.32,0.8,0.2,1.0,0.33,0.76,0.57,0.16,0.11,0.24,0.27,0.29,0.43,0.12,0.4,0.47,0.36,0.98,-0.3,1.07,-0.29,-0.58,0.31,1.23
2024,1,2,16,30,Summer,Port Louis,3.58,0.71,28.09,97.08,24.19,0.9,0.52,0.85,0.41,0.86,0.83,0.4,0.18,0.22,0.24,0.16,0.44,0.54,0.33,0.43,0.28,-0.12,-0.36,-0.7,0.41,0.65,-0.91,1.21
2024,1,2,16,45,Summer,Port Louis,4.24,0.79,33.96,86.22,6.68,0.16,0.96,0.54,0.29,0.9,0.84,0.47,0.27,0.29,0.27,0.29,0.01,-0.07,0.37,0.15,-0.23,0.06,0.1,-0.15,0.37,1.38,-0.73,1.19
2024,1,2,17,0,Summer,Port Louis,3.55,0.75,27.33,75.35,21.44,0.39,0.73,0.66,0.33,0.94,0.84,0.29,0.32,0.22,0.23,0.28,0.2,-0.05,-0.08,0.45,-0.23,-0.47,0.01,0.85,0.42,-0.51,1.39,-0.54
2024,1,2,17,15,Summer,Port Louis,1.83,0.68,25.58,90.5,12.84,0.31,0.03,0.76,0.25,0.59,0.62,0.1,0.35,0.26,0.28,0.24,0.15,0.03,0.38,0.65,0.13,0.76,0.54,-0.45,0.57,-0.03,-0.5,1.34
2024,1,2,17,30,Summer,Port Louis,4.85,0.89,34.87,71.74,9.6,0.81,0.13,0.67,0.27,0.85,0.11,0.4,0.11,0.21,0.28,0.14,0.08,0.18,0.06,-0.09,0.72,0.22,-0.45,1.03,-0.56,0.39,0.51,0.81
2024,1,2,17,45,Summer,Port Louis,2.72,0.84,33.02,86.63,10.82,0.53,0.2,0.91,0.37,0.65,0.5,0.39,0.21,0.24,0.27,0.25,0.38,0.01,-0.04,0.64,0.55,0.09,-0.55,0.86,-0.43,0.24,1.18,-0.42
2024,1,2,18,0,Summer,Port Louis,2.0,0.69,32.23,93.89,13.44,0.8,0.39,0.5,0.37,0.96,0.34,0.04,0.37,0.27,0.24,0.14,0.39,0.02,0.13,0.24,-0.38,-0.39,0.43,-0.53,0.3,1.2,0.91,0.23
2024,1,2,18,15,Summer,Port Louis,2.64,0.76,27.96,89.49,23.55,0.82,0.83,0.79,0.23,0.93,0.17,0.25,0.3,0.26,0.21,0.29,0.44,0.03,0.61,0.3,-0.39,-0.35,0.04,1.07,-0.26,0.52,-0.14,0.07
2024,1,2,18,30,Summer,Port Louis,1.46,0.91,32.47,85.5,17.55,0.72,0.87,0.99,0.47,0.89,0.27,0.01,0.35,0.2,0.29,0.36,0.05,0.48,0.19,0.47,0.59,0.11,1.05,0.37,0.0,-0.69,1.44,0.57
2024,1,2,18,45,Summer,Port Louis,2.73,0.63,29.11,85.67,18.6,0.55,0.77,0.54,0.47,0.59,0.0,0.2,0.2,0.21,0.24,0.22,0.27,-0.08,0.51,0.13,-0.39,-0.49,-0.07,-0.56,0.53,-0.46,0.67,0.43
2024,1,2,19,0,Summer,Port Louis,3.5,0.81,34.04,77.8,7.59,0.98,0.46,0.71,0.45,0.55,0.74,0.27,0.3,0.28,0.28,0.37,0.45,0.33,-0.04,0.33,0.58,0.78,-0.36,1.18,0.79,1.33,1.14,0.43
2024,1,2,19,15,Summer,Port Louis,2.96,0.83,34.26,79.87,18.89,0.66,0.34,0.82,0.29,0.81,0.11,0.12,0.26,0.25,0.26,0.25,0.14,0.12,0.22,-0.19,0.85,-0.31,-0.5,0.55,0.44,-0.23,-0.41,1.18
2024,1,2,19,30,Summer,Port Louis,4.43,0.9,31.74,76.49,19.4,0.35,0.65,0.6,0.27,0.57,0.05,0.15,0.35,0.23,0.26,0.4,0.42,0.55,-0.05,0.31,0.65,0.11,0.03,-0.41,-0.5,1.06,0.83,1.01
2024,1,2,19,45,Summer,Port Louis,3.88,0.75,34.74,81.22,11.97,0.72,0.63,0.74,0.46,0.53,0.63,0.47,0.23,0.21,0.25,0.12,0.12,-0.07,0.34,0.76,-0.13,-0.31,0.06,0.77,-0.11,1.25,-0.42,0.85
2024,1,2,20,0,Summer,Port Louis,3.6,0.81,31.77,83.89,17.33,0.05,0.66,0.93,0.42,0.64,0.25,0.19,0.29,0.3,0.22,0.21,0.07,0.5,0.25,0.05,0.42,-0.15,-0.01,1.05,-0.19,0.88,1.17,0.02
2024,1,2,20,15,Summer,Port Louis,2.09,0.56,30.23,98.45,22.41,0.61,0.62,0.86,0.38,0.71,0.22,0.23,0.16,0.22,0.26,0.11,0.24,0.03,0.67,-0.11,-0.15,-0.34,0.69,0.83,0.85,0.49,-0.37,-0.07
2024,1,2,20,30,Summer,Port Louis,4.67,0.66,29.05,73.71,12.47,0.73,0.89,0.97,0.28,0.72,0.95,0.06,0.21,0.29,0.29,0.14,0.12,0.35,0.69,0.27,-0.29,0.75,0.02,-0.02,0.75,-0.67,0.91,0.75
2024,1,2,20,45,Summer,Port Louis,2.49,0.79,31.12,92.8,6.47,0.49,0.66,0.74,0.5,0.53,0.4,0.01,0.26,0.23,0.24,0.13,0.48,0.11,0.68,-0.05,0.66,0.98,-0.53,0.14,0.24,0.41,0.33,-1.01
2024,1,2,21,0,Summer,Port Louis,2.27,0.67,30.16,84.87,11.85,0.69,0.1,0.96,0.31,0.93,0.96,0.25,0.17,0.29,0.3,0.39,0.49,0.18,-0.02,0.47,-0.22,0.69,0.63,0.23,-0.18,-0.75,0.68,1.24
2024,1,2,21,15,Summer,Port Louis,2.05,0.83,31.6,95.24,16.49,0.46,0.67,0.54,0.39,0.99,0.85,0.44,0.39,0.23,0.24,0.27,0.18,0.39,0.55,-0.2,-0.25,0.68,-0.25,1.06,-0.61,1.05,-0.98,0.31
2024,1,2,21,30,Summer,Port Louis,2.18,0.73,26.47,86.09,18.75,0.86,0.97,0.94,0.23,0.9,0.32,0.05,0.32,0.26,0.28,0.2,0.11,0.5,0.19,0.31,0.62,0.45,0.32,0.21,0.18,1.25,1.11,1.01
2024,1,2,21,45,Summer,Port Louis,4.8,0.59,25.21,89.7,13.39,0.45,0.68,0.64,0.5,0.67,0.47,0.19,0.36,0.29,0.3,0.12,0.07,-0.09,-0.0,-0.23,-0.17,-0.3,-0.47,0.32,1.24,0.19,-0.1,-0.76
2024,1,2,22,0,Summer,Port Louis,3.1,0.84,28.94,77.38,13.97,0.25,0.76,0.65,0.38,0.9,0.93,0.49,0.29,0.26,0.21,0.27,0.19,0.02,0.04,-0.15,-0.2,-0.1,0.28,-0.03,0.08,0.06,1.23,1.03
2024,1,2,22,15,Summer,Port Louis,3.78,0.61,33.59,73.56,14.47,0.43,0.24,0.58,0.23,0.86,0.25,0.22,0.35,0.23,0.26,0.18,0.06,0.34,0.64,-0.09,0.83,-0.43,0.77,-0.24,-0.11,0.97,1.3,-0.7
2024,1,2,22,30,Summer,Port Louis,4.01,0.76,25.71,81.09,22.33,0.01,0.33,0.51,0.21,1.0,0.81,0.26,0.12,0.21,0.25,0.21,0.36,0.13,0.18,0.17,0.26,0.01,0.04,-0.26,-0.21,1.11,-0.92,-0.08
2024,1,2,22,45,Summer,Port Louis,0.79,0.58,30.78,77.52,17.71,0.74,0.97,0.97,0.49,0.87,0.36,0.2,0.38,0.22,0.25,0.32,0.44,0.06,0.0,-0.19,-0.01,-0.41,0.67,0.77,-0.36,-0.67,0.57,-0.92
2024,1,2,23,0,Summer,Port Louis,1.43,0.74,32.71,87.4,8.76,0.19,0.59,0.59,0.37,0.96,0.46,0.18,0.18,0.23,0.28,0.24,0.34,0.45,0.32,-0.28,-0.35,0.11,0.65,0.31,-0.33,1.39,-0.57,0.84
2024,1,2,23,15,Summer,Port Louis,0.34,0.84,31.77,80.54,22.25,0.28,0.88,0.87,0.34,0.83,0.07,0.36,0.19,0.25,0.27,0.25,0.41,0.27,-0.1,0.75,0.25,0.66,0.49,-0.68,0.25,0.68,-0.61,-0.11
2024,1,2,23,30,Summer,Port Louis,2.19,0.64,26.93,83.48,11.23,0.63,0.67,0.82,0.25,0.77,0.76,0.17,0.39,0.24,0.27,0.17,0.15,0.25,0.43,0.27,0.29,-0.22,0.29,0.03,0.26,-0.82,0.33,-0.87
2024,1,2,23,45,Summer,Port Louis,1.12,0.84,26.2,91.32,20.86,0.15,0.77,0.87,0.38,0.58,0.15,0.1,0.29,0.23,0.28,0.19,0.31,0.13,0.12,0.37,0.3,-0.42,0.01,1.09,-0.59,0.9,1.31,-0.73
2024,1,3,0,0,Summer,Port Louis,0.0,0.39,26.61,91.5,8.61,0.97,0.05,0.6,0.46,0.98,0.29,0.0,-0.1,-0.1,0.18,0.29,-0.04,-0.46,-0.51,-0.62,0.43,0.09,-0.66,-0.02,-0.88,-0.03,-1.05,-0.29
2024,1,3,0,15,Summer,Port Louis,4.17,0.76,30.5,84.73,16.56,0.6,0.24,0.65,0.37,0.66,0.21,0.0,-0.05,0.07,0.22,0.02,-0.13,0.19,-0.3,-0.18,0.25,1.0,0.57,1.08,-0.94,-1.33,-0.45,-1.06
2024,1,3,0,30,Summer,Port Louis,8.33,0.57,27.19,97.02,7.77,0.09,0.75,0.85,0.49,0.68,0.48,0.0,0.08,-0.05,-0.0,0.09,0.36,-0.15,-0.2,-0.58,0.07,-0.12,-0.42,0.61,-0.99,-0.58,-0.88,0.39
2024,1,3,0,45,Summer,Port Louis,12.5,0.64,25.41,93.29,18.66,0.3,0.24,0.86,0.86,0.53,0.46,0.28,0.12,0.14,0.07,0.21,0.39,0.03,-0.03,0.79,0.84,0.03,1.0,0.24,-0.48,0.98,0.39,0.14
2024,1,3,1,0,Summer,Port Louis,16.67,0.75,33.96,80.75,12.92,0.35,0.32,0.59,0.36,0.86,0.19,0.29,0.24,0.21,0.14,0.37,0.36,0.43,-0.21,0.14,0.55,0.7,0.39,0.6,-0.67,0.32,0.15,0.15
2024,1,3,1,15,Summer,Port Louis,20.83,0.86,25.28,90.24,6.42,0.62,0.24,0.62,0.27,0.71,0.69,0.51,0.11,0.23,0.27,0.21,0.36,0.19,0.27,0.59,0.54,0.56,0.62,-0.29,-0.71,1.03,0.62,1.07
2024,1,3,1,30,Summer,Port Louis,25.0,0.77,33.41,93.48,21.04,0.05,0.09,0.84,0.45,0.75,0.04,0.05,0.38,0.42,0.31,0.31,0.42,0.14,0.68,0.19,0.34,-0.07,-0.08,0.02,0.29,-0.61,-0.12,0.13
2024,1,3,1,45,Summer,Port Louis,29.17,0.73,29.56,91.81,12.43,0.1,0.86,0.79,0.4,0.63,0.22,0.26,0.55,0.25,0.33,0.37,0.48,0.26,0.19,0.79,0.81,0.4,-0.1,0.13,0.45,0.7,-0.33,0.38
2024,1,3,2,0,Summer,Port Louis,33.33,1.0,28.4,88.57,23.6,0.03,0.42,0.76,0.22,0.58,0.55,0.16,0.58,0.27,0.41,0.43,0.34,0.56,0.51,0.61,0.86,1.0,0.33,0.26,1.08,-0.22,0.9,-0.03
2024,1,3,2,15,Summer,Port Louis,37.5,0.91,31.27,78.18,20.93,0.68,0.15,0.94,0.36,0.98,0.61,0.83,0.5,0.54,0.37,0.54,0.46,0.57,0.41,0.14,0.15,0.09,0.48,1.13,0.9,0.21,-0.06,1.53
2024,1,3,2,30,Summer,Port Louis,41.67,1.0,27.66,99.76,21.49,0.49,0.79,0.59,0.25,0.64,0.14,0.14,0.12,0.61,0.33,0.56,0.53,0.58,0.55,0.55,0.25,0.13,1.02,0.67,0.55,0.37,1.48,0.96
2024,1,3,2,45,Summer,Port Louis,45.83,1.0,28.85,93.8,14.35,0.19,0.71,0.69,0.25,0.9,0.37,0.58,0.11,0.33,0.65,0.43,0.64,0.56,0.51,0.75,0.73,0.92,0.52,0.29,1.0,1.19,0.92,-0.23
2024,1,3,3,0,Summer,Port Louis,50.0,0.97,34.15,75.73,16.02,0.72,0.28,0.9,0.27,0.59,0.31,0.42,0.7,0.77,0.8,0.42,0.67,0.61,0.66,0.58,0.44,0.59,0.8,0.6,0.96,0.07,1.13,1.4
2024,1,3,3,15,Summer,Port Louis,54.17,0.98,28.41,98.77,9.09,0.58,0.56,0.66,0.27,0.78,0.12,0.0,0.6,0.31,0.9,0.67,0.62,0.64,0.68,0.72,0.65,0.91,0.76,0.27,0.49,0.27,1.25,1.28
2024,1,3,3,30,Summer,Port Louis,58.33,0.8,31.8,75.29,14.8,0.72,0.86,0.57,0.33,0.96,0.21,0.39,0.81,0.93,0.56,0.82,0.82,0.72,0.72,0.78,0.71,0.82,0.62,0.55,0.74,0.65,0.96,1.0
2024,1,3,3,45,Summer,Port Louis,62.5,1.0,32.0,95.76,9.19,0.11,0.16,0.96,0.2,0.56,0.94,0.0,0.42,0.91,0.38,0.45,1.01,0.8,0.72,0.77,0.8,0.68,1.02,0.89,1.18,1.3,1.47,0.96
2024,1,3,4,0,Summer,Port Louis,66.67,1.0,31.87,70.72,11.45,0.84,0.4,0.74,0.34,0.79,0.02,1.48,0.48,1.39,0.32,0.95,0.58,0.71,0.85,0.82,0.89,0.74,0.57,1.09,0.82,0.95,1.32,1.19
2024,1,3,4,15,Summer,Port Louis,70.83,1.0,32.12,82.48,7.22,0.77,0.39,0.81,0.46,0.77,0.63,0.97,1.56,1.1,0.61,0.79,0.51,1.06,0.9,0.9,0.88,0.94,0.96,0.6,0.81,0.44,1.44,1.28
2024,1,3,4,30,Summer,Port Louis,75.0,1.0,27.64,97.02,6.45,0.34,0.18,0.62,0.25,0.89,0.02,0.9,0.57,1.27,0.41,1.1,1.27,1.15,0.81,0.87,0.97,0.99,1.07,1.14,1.02,0.72,1.28,1.19
2024,1,3,4,45,Summer,Port Louis,79.17,1.0,32.8,83.75,11.91,0.66,0.59,0.93,0.44,0.72,0.3,1.56,0.13,1.57,1.29,0.91,0.81,1.15,0.73,0.91,0.9,0.99,0.94,1.01,1.25,0.83,1.21,1.48
2024,1,3,5,0,Summer,Port Louis,83.33,1.0,25.6,99.2,13.38,0.44,0.34,0.71,0.47,0.87,0.57,0.71,1.42,1.31,1.75,1.58,0.75,1.48,1.3,1.02,0.9,1.05,1.04,1.13,1.18,0.88,1.18,1.55
2024,1,3,5,15,Summer,Port Louis,87.5,1.0,26.25,70.18,14.83,0.15,0.91,0.91,0.24,0.63,0.34,0.57,0.37,1.0,1.03,0.61,1.52,0.8,1.12,0.94,1.15,1.16,1.09,1.14,1.28,0.87,1.1,1.39
2024,1,3,5,30,Summer,Port Louis,91.67,1.0,27.56,71.84,8.05,0.11,0.38,0.87,0.32,0.77,0.87,1.83,0.32,0.32,1.52,0.89,1.08,1.37,1.09,1.23,1.08,1.27,1.16,1.17,1.19,1.06,1.14,1.44
2024,1,3,5,45,Summer,Port Louis,95.83,1.0,29.7,78.81,9.13,0.21,0.54,0.73,0.2,0.75,0.37,1.64,1.69,1.99,1.55,0.59,1.48,0.78,0.74,1.46,1.2,1.1,1.15,1.2,1.13,1.21,1.01,0.88
2024,1,3,6,0,Summer,Port Louis,100.0,1.0,26.18,89.99,10.07,0.99,0.34,0.7,0.4,0.52,0.65,1.36,2.05,1.75,1.28,1.42,1.16,1.17,0.87,1.33,1.27,1.32,1.19,1.25,1.21,1.23,1.46,1.45
2024,1,3,6,15,Summer,Port Louis,104.17,1.0,33.8,93.1,5.84,0.41,0.43,0.54,0.46,0.79,0.24,1.84,0.31,2.35,1.55,0.93,1.3,0.89,0.83,1.8,0.96,1.45,1.23,1.2,1.3,1.26,1.24,1.11
2024,1,3,6,30,Summer,Port Louis,108.33,1.0,27.72,75.69,6.58,0.79,0.19,0.52,0.24,0.77,0.39,2.0,1.96,2.07,1.02,2.24,0.99,0.68,1.3,1.59,1.67,1.06,1.46,1.27,1.35,1.34,1.34,1.21
2024,1,3,6,45,Summer,Port Louis,112.5,1.0,26.12,79.88,24.08,0.92,0.29,0.69,0.39,0.67,0.4,1.78,1.25,1.25,2.49,0.61,0.72,0.69,2.08,1.66,1.66,1.25,1.62,1.54,1.33,1.41,1.31,1.52
2024,1,3,7,0,Summer,Port Louis,116.67,1.0,28.22,74.28,19.38,0.73,0.02,0.54,0.47,0.92,0.3,1.31,1.54,1.98,2.31,1.23,0.72,1.8,0.8,1.75,0.99,1.17,1.76,1.51,1.4,1.43,1.5,1.37
2024,1,3,7,15,Summer,Port Louis,120.83,1.0,32.15,95.55,17.37,0.3,0.24,0.9,0.35,0.6,0.28,0.91,1.02,2.46,1.63,1.22,1.23,1.99,1.31,2.03,1.58,1.65,1.82,1.24,1.36,1.42,1.5,1.5
2024,1,3,7,30,Summer,Port Louis,125.0,1.0,31.23,76.54,24.12,0.61,0.94,0.57,0.31,0.54,0.85,0.32,0.19,2.35,2.1,1.51,1.31,1.32,0.76,1.2,1.37,1.75,1.9,1.44,1.73,1.48,1.57,1.58
2024,1,3,7,45,Summer,Port Louis,129.17,1.0,32.84,74.09,9.61,0.59,0.72,0.79,0.41,0.61,0.16,2.4,1.75,1.04,1.41,2.52,1.72,1.47,1.51,2.2,2.24,1.29,1.1,1.89,1.34,1.68,1.54,1.61
2024,1,3,8,0,Summer,Port Louis,133.33,1.0,28.03,99.44,13.93,0.27,0.45,0.52,0.28,0.66,0.54,2.34,2.9,1.0,1.16,1.96,1.41,2.7,0.95,1.5,1.59,1.59,1.49,1.65,1.77,1.73,1.52,1.66
2024,1,3,8,15,Summer,Port Louis,137.5,1.0,29.43,76.79,8.65,0.18,0.22,0.92,0.24,0.94,0.59,1.78,1.41,2.28,1.76,0.87,2.18,2.58,2.46,2.54,2.24,1.84,1.71,1.87,1.37,1.46,1.75,1.74
2024,1,3,8,30,Summer,Port Louis,141.67,1.0,34.21,92.61,20.3,0.59,0.61,0.79,0.31,0.57,0.93,2.82,1.24,2.83,2.9,0.79,3.0,1.95,0.91,0.85,1.48,1.98,1.19,1.95,1.99,1.85,1.84,1.68
2024,1,3,8,45,Summer,Port Louis,145.83,1.0,34.22,75.06,21.79,0.39,0.15,0.75,0.49,0.88,0.4,1.71,2.26,3.09,0.33,1.51,2.69,2.95,1.29,2.63,2.31,2.36,1.25,1.93,2.34,2.11,1.9,1.74
2024,1,3,9,0,Summer,Port Louis,150.0,1.0,30.04,75.11,17.91,0.48,0.17,0.91,0.43,0.74,0.32,2.5,1.9,1.65,1.2,3.27,2.48,1.51,1.8,1.64,2.7,2.09,2.31,2.32,2.0,1.72,1.67,1.62
2024,1,3,9,15,Summer,Port Louis,154.17,1.0,30.81,87.61,19.34,0.31,0.85,0.89,0.29,0.62,0.07,3.29,0.39,1.91,2.65,2.21,1.52,2.43,1.41,0.84,2.03,1.53,2.0,1.85,1.76,1.42,1.93,1.78
2024,1,3,9,30,Summer,Port Louis,158.33,1.0,26.43,93.44,19.24,0.65,0.21,0.8,0.37,0.85,0.65,3.67,3.56,0.38,3.36,2.27,2.32,2.75,2.89,1.84,0.93,1.74,1.96,1.88,2.14,2.41,1.65,2.09
2024,1,3,9,45,Summer,Port Louis,162.5,1.0,26.35,75.44,21.57,0.17,0.02,0.55,0.42,0.53,0.07,3.75,0.42,3.14,3.5,2.09,1.35,1.18,3.0,2.94,2.93,1.58,2.05,1.51,2.24,1.86,2.01,1.67
2024,1,3,10,0,Summer,Port Louis,166.67,1.0,29.04,72.54,12.94,0.53,0.89,0.52,0.21,0.97,0.6,2.97,0.34,1.68,2.27,2.93,1.93,0.75,1.66,1.52,3.0,1.74,1.74,2.34,2.34,2.32,1.55,2.21
2024,1,3,10,15,Summer,Port Louis,170.83,1.0,33.16,70.2,15.75,0.31,0.05,0.64,0.46,0.79,0.78,1.22,2.25,2.64,3.14,2.03,3.14,2.83,2.21,2.76,1.23,1.95,1.97,3.01,2.88,1.91,1.92,2.1
2024,1,3,10,30,Summer,Port Louis,175.0,1.0,30.66,73.04,6.93,0.05,0.54,0.76,0.22,0.64,0.76,1.44,1.39,0.79,1.9,2.38,0.77,1.86,2.54,3.1,1.96,2.15,3.24,1.96,1.34,1.86,2.45,1.94
2024,1,3,10,45,Summer,Port Louis,179.17,1.0,33.27,85.46,23.33,0.72,0.12,0.97,0.35,0.62,0.3,4.34,2.28,3.24,0.65,0.75,1.68,1.26,1.26,3.1,3.24,3.43,1.65,2.8,1.43,1.46,2.53,2.44
2024,1,3,11,0,Summer,Port Louis,183.33,1.0,30.29,71.86,5.59,0.37,0.85,0.55,0.28,0.69,0.68,1.94,0.96,4.38,2.39,2.5,2.08,1.18,3.11,1.22,2.75,1.94,2.54,1.99,3.19,1.79,2.59,2.15
2024,1,3,11,15,Summer,Port Louis,187.5,1.0,34.09,85.48,22.73,0.68,0.19,0.73,0.23,0.59,0.49,1.24,2.89,2.49,4.12,2.63,1.98,3.09,3.27,2.74,3.67,3.36,3.58,2.0,3.1,2.01,3.12,2.61
2024,1,3,11,30,Summer,Port Louis,191.67,1.0,34.7,98.85,8.2,0.29,0.02,0.82,0.36,0.97,0.45,0.17,0.61,3.6,1.91,2.73,1.11,1.46,2.74,0.94,1.92,1.77,2.48,3.39,1.93,2.94,1.74,2.3
2024,1,3,11,45,Summer,Port Louis,195.83,1.0,32.89,93.58,10.32,0.23,0.78,0.61,0.46,0.85,0.71,3.15,2.19,2.17,0.35,1.16,3.46,1.39,1.66,1.24,1.66,1.83,1.52,3.22,2.23,2.96,1.9,3.03
2024,1,3,12,0,Summer,Port Louis,200.0,1.0,26.95,98.6,10.22,0.85,0.71,0.5,0.23,0.74,0.83,4.1,1.57,0.56,0.87,3.2,2.59,3.44,1.82,1.21,1.96,2.33,2.89,1.75,2.74,1.56,2.92,2.35
2024,1,3,12,15,Summer,Port Louis,195.83,1.0,33.53,93.06,8.63,0.54,0.23,0.69,0.28,0.58,0.16,2.12,1.67,3.44,1.51,3.31,3.3,3.22,3.43,1.58,0.96,1.3,2.6,2.46,1.65,1.66,2.42,1.6
2024,1,3,12,30,Summer,Port Louis,191.67,1.0,30.2,76.05,24.89,0.34,0.31,0.99,0.2,0.61,0.08,3.18,0.96,0.69,1.53,2.76,2.46,3.65,3.3,3.86,3.01,3.34,3.03,2.43,2.69,1.82,2.55,1.63
2024,1,3,12,45,Summer,Port Louis,187.5,1.0,31.55,91.73,6.09,0.58,0.7,0.84,0.44,0.58,0.73,2.92,3.09,2.92,3.47,2.61,2.59,2.9,1.35,3.31,3.2,3.16,3.47,1.71,1.31,1.51,2.44,2.07
2024,1,3,13,0,Summer,Port Louis,183.33,1.0,27.22,78.2,18.94,0.27,0.29,0.93,0.2,0.68,0.07,0.77,0.49,0.65,2.85,3.31,1.78,1.35,1.53,3.38,2.68,3.04,2.88,1.32,2.38,2.43,2.4,2.55
2024,1,3,13,15,Summer,Port Louis,179.17,1.0,26.32,91.11,24.91,0.35,0.2,0.68,0.3,0.5,0.25,0.7,2.98,2.69,0.76,3.35,3.2,2.58,1.73,2.06,3.23,1.2,3.2,3.26,1.81,2.13,2.61,1.91
2024,1,3,13,30,Summer,Port Louis,175.0,1.0,31.23,70.48,6.82,0.39,0.12,0.67,0.32,0.72,0.33,1.27,0.31,2.01,2.05,1.53,1.02,2.21,3.29,1.6,1.56,2.03,1.99,3.14,3.03,2.95,2.22,2.39
2024,1,3,13,45,Summer,Port Louis,170.83,1.0,25.49,76.2,11.89,0.56,0.68,0.82,0.22,0.64,0.0,2.56,2.04,0.37,3.37,3.11,0.8,3.67,0.84,3.32,1.26,1.89,1.31,3.02,1.77,2.83,1.75,2.04
2024,1,3,14,0,Summer,Port Louis,166.67,1.0,25.19,79.35,16.95,0.28,0.33,0.76,0.48,0.96,0.87,3.63,1.13,0.6,3.53,3.34,3.39,1.47,2.89,2.12,2.06,1.05,1.38,1.77,1.6,2.11,1.64,1.77
2024,1,3,14,15,Summer,Port Louis,162.5,1.0,32.02,75.08,13.2,0.88,0.99,0.54,0.37,0.63,0.12,3.18,3.42,2.15,1.13,2.38,2.28,1.89,3.28,0.97,1.62,2.96,2.33,1.4,2.68,2.33,1.51,2.36
2024,1,3,14,30,Summer,Port Louis,158.33,1.0,29.88,71.23,9.48,0.42,0.73,0.97,0.43,0.67,0.28,1.05,1.45,0.56,3.61,0.67,3.4,1.88,1.07,2.96,2.77,2.5,1.32,2.24,2.05,1.6,1.79,1.88
2024,1,3,14,45,Summer,Port Louis,154.17,1.0,29.52,95.48,23.0,0.18,0.23,0.99,0.46,0.88,0.94,0.65,0.16,2.48,0.45,0.72,2.29,2.88,2.16,1.77,1.35,2.79,2.34,2.48,2.32,2.41,1.61,1.92
2024,1,3,15,0,Summer,Port Louis,150.0,1.0,30.54,79.72,21.53,0.27,0.34,0.93,0.46,0.94,0.33,1.42,1.8,1.58,0.8,3.08,1.9,1.46,3.03,2.31,1.41,2.22,1.33,2.12,2.29,1.77,1.53,1.84
2024,1,3,15,15,Summer,Port Louis,145.83,1.0,26.03,91.51,5.63,0.62,0.98,0.95,0.4,0.71,0.48,0.86,1.12,1.25,3.24,1.14,1.52,2.42,1.43,1.6,1.62,1.34,1.36,1.74,1.62,2.2,1.77,1.83
2024,1,3,15,30,Summer,Port Louis,141.67,1.0,34.61,94.05,16.07,0.04,0.15,0.7,0.37,0.78,0.01,3.33,2.52,0.32,1.03,2.29,1.05,1.06,1.55,1.7,2.56,2.41,2.19,1.85,1.76,2.09,1.96,1.88
2024,1,3,15,45,Summer,Port Louis,137.5,1.0,29.04,98.36,11.09,0.3,0.47,0.61,0.45,0.69,0.17,1.07,0.62,1.84,2.69,0.61,0.61,1.92,1.21,2.28,2.26,1.28,1.39,2.07,1.53,1.7,1.59,1.6
2024,1,3,16,0,Summer,Port Louis,133.33,1.0,28.42,97.64,20.6,0.22,0.47,0.73,0.44,0.6,0.27,0.66,2.66,3.06,1.57,2.76,1.35,2.17,0.97,2.12,1.77,2.31,1.83,2.1,1.63,1.87,1.73,1.67
2024,1,3,16,15,Summer,Port Louis,129.17,1.0,29.97,91.0,12.31,0.9,0.04,0.97,0.5,0.61,0.52,2.66,2.88,0.3,1.95,2.6,0.75,0.96,2.0,1.82,1.4,1.01,1.95,1.7,1.65,1.81,1.63,1.61
2024,1,3,16,30,Summer,Port Louis,125.0,1.0,29.15,74.45,7.19,0.06,0.17,0.76,0.28,0.78,0.93,0.83,0.27,0.3,0.53,1.89,1.81,1.41,1.84,1.27,1.5,1.95,1.48,1.2,1.77,1.61,1.52,1.53
2024,1,3,16,45,Summer,Port Louis,120.83,1.0,31.94,85.92,8.27,0.35,0.04,0.75,0.42,0.89,0.19,0.24,1.84,0.38,1.24,0.72,1.64,1.37,1.97,2.14,1.16,1.23,1.25,1.31,1.43,1.5,1.51,1.54
2024,1,3,17,0,Summer,Port Louis,116.67,1.0,29.19,75.95,24.0,0.12,0.7,0.86,0.44,0.76,0.2,0.51,0.6,1.32,0.91,2.06,1.43,1.52,1.28,1.38,1.48,1.57,1.24,1.55,1.47,1.49,1.45,1.6
2024,1,3,17,15,Summer,Port Louis,112.5,1.0,28.67,89.57,11.03,0.88,0.56,0.85,0.48,0.98,0.17,1.52,0.45,0.56,1.45,1.94,1.29,1.09,1.04,1.12,1.87,1.3,1.54,1.22,1.39,1.41,1.46,1.38
2024,1,3,17,30,Summer,Port Louis,108.33,1.0,28.08,70.41,9.59,0.57,0.16,0.92,0.49,0.9,0.14,1.41,0.75,0.8,0.76,2.07,1.77,1.77,1.48,1.62,1.47,1.51,1.31,1.32,1.31,1.33,1.23,1.28
2024,1,3,17,45,Summer,Port Louis,104.17,1.0,32.28,80.02,8.53,0.52,0.49,0.7,0.27,0.76,0.75,0.66,0.36,0.28,1.42,1.91,1.13,0.82,1.42,1.19,0.98,1.42,1.49,1.28,1.3,1.39,1.23,1.48
2024,1,3,18,0,Summer,Port Louis,100.0,1.0,34.22,70.66,6.3,0.19,0.02,0.51,0.23,0.6,0.87,0.74,1.75,1.62,1.71,1.55,1.13,1.46,1.47,1.58,1.27,1.47,1.19,1.24,1.24,1.29,1.03,1.28
2024,1,3,18,15,Summer,Port Louis,95.83,1.0,26.83,92.48,24.57,0.68,0.42,0.67,0.39,0.8,0.61,0.76,0.92,0.3,1.81,1.4,0.64,0.67,0.94,1.5,1.28,1.07,1.25,1.2,1.24,1.15,1.4,1.39
2024,1,3,18,30,Summer,Port Louis,91.67,1.0,26.59,78.17,20.79,0.33,0.65,0.98,0.26,0.79,0.29,2.23,0.87,0.74,1.73,0.94,0.97,1.07,1.35,1.43,0.98,1.21,1.18,1.1,1.28,0.99,0.88,0.81
2024,1,3,18,45,Summer,Port Louis,87.5,1.0,27.23,98.64,12.28,0.49,0.65,0.97,0.28,0.84,0.6,2.01,0.39,1.93,1.09,1.3,1.06,0.97,0.79,0.89,1.24,1.04,1.09,1.13,1.24,0.93,1.26,1.44
2024,1,3,19,0,Summer,Port Louis,83.33,1.0,28.14,72.6,6.27,0.01,0.42,0.81,0.28,0.72,0.07,0.78,0.39,0.36,1.16,1.11,1.05,0.6,1.37,0.89,1.1,1.01,1.07,1.18,1.06,0.73,0.72,1.16
2024,1,3,19,15,Summer,Port Louis,79.17,1.0,28.92,92.61,12.74,0.18,0.1,0.53,0.25,0.62,0.25,0.7,0.16,0.34,1.58,0.43,1.33,0.7,1.02,0.93,1.08,0.98,1.02,1.11,0.69,0.6,1.27,0.81
2024,1,3,19,30,Summer,Port Louis,75.0,1.0,33.42,92.06,9.28,0.1,0.39,0.87,0.38,0.88,0.28,1.14,0.78,0.9,1.27,1.21,0.76,0.64,1.0,0.91,0.97,0.99,1.0,0.94,1.11,0.65,1.4,1.55
2024,1,3,19,45,Summer,Port Louis,70.83,0.96,25.5,86.77,13.17,0.95,0.12,0.75,0.27,0.73,0.25,0.49,1.27,0.47,0.86,1.37,0.97,0.99,0.74,0.97,0.9,0.99,0.92,0.88,1.08,1.28,1.24,1.42
2024,1,3,20,0,Summer,Port Louis,66.67,1.0,33.41,99.71,15.73,0.35,0.04,0.6,0.47,0.58,0.69,0.01,1.08,1.09,0.57,0.84,1.11,0.82,0.74,0.81,0.82,0.87,0.6,0.53,1.07,1.29,0.39,0.3
2024,1,3,20,15,Summer,Port Louis,62.5,1.0,34.05,85.44,16.54,0.1,0.38,0.53,0.45,0.76,0.57,0.02,0.14,1.35,0.94,0.8,0.91,0.66,0.74,0.77,0.88,0.6,0.46,0.62,0.93,0.58,0.86,1.5
2024,1,3,20,30,Summer,Port Louis,58.33,1.0,34.67,79.87,5.26,0.73,0.63,0.65,0.48,0.91,0.02,0.73,1.16,0.31,1.1,0.53,0.51,0.8,0.73,0.79,0.63,0.7,0.79,0.91,0.52,0.99,1.46,-0.03
2024,1,3,20,45,Summer,Port Louis,54.17,1.0,25.86,74.72,5.22,0.79,0.79,0.99,0.31,0.76,0.34,1.31,0.89,0.51,0.42,0.93,0.82,0.63,0.66,0.73,0.53,0.61,1.08,0.92,0.88,0.08,1.19,0.96
2024,1,3,21,0,Summer,Port Louis,50.0,1.0,29.97,95.0,13.98,0.97,0.25,0.63,0.42,0.91,0.36,0.3,0.57,0.87,0.82,0.61,0.75,0.62,0.58,0.58,0.65,0.66,0.86,0.21,1.16,0.14,1.36,0.78
2024,1,3,21,15,Summer,Port Louis,45.83,1.0,34.01,75.35,6.84,0.67,0.76,0.62,0.49,0.89,0.19,0.63,0.23,0.32,0.39,0.53,0.59,0.58,0.7,0.48,0.29,0.59,0.38,0.45,0.05,0.9,0.2,0.36
2024,1,3,21,30,Summer,Port Louis,41.67,1.0,28.81,72.07,6.34,0.72,0.72,0.58,0.33,0.77,0.58,0.95,0.13,0.8,0.46,0.54,0.52,0.59,0.58,0.44,0.48,0.34,0.1,0.37,-0.02,0.83,1.09,0.63
2024,1,3,21,45,Summer,Port Louis,37.5,0.78,26.5,96.54,20.76,0.56,0.66,0.54,0.28,0.57,0.65,0.18,0.52,0.32,0.32,0.54,0.46,0.46,0.64,0.34,0.73,0.07,0.79,0.57,0.83,0.37,-0.11,-0.32
2024,1,3,22,0,Summer,Port Louis,33.33,0.92,28.49,72.41,12.75,0.66,0.32,0.82,0.45,0.56,0.81,0.8,0.54,0.33,0.36,0.42,0.42,0.32,0.58,0.76,0.22,0.54,-0.2,0.67,0.35,1.3,0.75,0.63
2024,1,3,22,15,Summer,Port Louis,29.17,0.9,34.08,74.59,7.72,0.16,0.91,0.81,0.25,0.98,0.68,0.68,0.6,0.26,0.35,0.36,0.38,0.52,0.21,0.21,0.44,-0.19,0.79,0.53,0.27,-0.57,-0.39,-0.38
2024,1,3,22,30,Summer,Port Louis,25.0,0.72,32.82,76.86,13.66,0.7,0.47,0.95,0.34,0.68,0.81,0.21,0.32,0.32,0.31,0.24,0.48,0.08,0.66,0.45,0.27,0.47,0.61,1.16,0.65,0.5,0.35,0.33
2024,1,3,22,45,Summer,Port Louis,20.83,0.6,30.82,87.8,15.08,0.24,0.59,0.54,0.43,0.53,0.91,0.04,0.2,0.29,0.22,0.39,0.13,0.45,-0.03,0.09,0.84,0.5,0.26,-0.39,0.29,0.1,-0.17,0.6
2024,1,3,23,0,Summer,Port Louis,16.67,0.67,30.3,76.1,21.35,0.26,0.32,0.85,0.39,0.74,0.09,0.21,0.26,0.21,0.16,0.03,0.2,0.37,-0.22,0.28,-0.33,-0.49,0.99,-0.75,0.9,0.11,1.18,0.82
2024,1,3,23,15,Summer,Port Louis,12.5,0.66,27.79,74.52,21.13,0.59,0.56,0.65,0.33,0.97,0.19,0.07,0.18,0.13,0.15,0.18,0.22,-0.26,-0.0,0.25,-0.36,-0.32,0.27,0.11,-0.5,-0.21,-0.52,-0.78
2024,1,3,23,30,Summer,Port Louis,8.33,0.85,27.35,95.4,19.82,0.95,0.16,0.91,0.28,0.94,0.09,0.11,0.1,0.07,0.28,0.38,-0.12,0.28,-0.27,0.19,-0.16,-0.76,-0.84,0.47,0.74,-1.16,-0.55,-0.21
2024,1,3,23,45,Summer,Port Louis,4.17,0.99,26.61,95.73,9.57,0.45,0.65,0.55,0.42,0.64,0.76,0.08,0.06,-0.05,-0.04,0.16,-0.18,-0.05,0.37,0.25,-0.52,0.77,-0.74,-1.0,-0.6,-0.8,-0.06,1.34
2024,1,4,0,0,Summer,Port Louis,2.75,0.57,25.09,70.89,20.39,0.13,0.16,0.58,0.49,0.97,0.69,0.0,0.0,-0.03,-0.19,0.1,-0.2,-0.44,-0.41,-0.32,-0.33,-0.95,0.54,-0.33,0.04,-0.3,0.49,0.95
2024,1,4,0,15,Summer,Port Louis,0.38,0.61,28.79,96.47,12.22,0.94,0.87,0.76,0.3,0.96,0.98,0.13,0.09,0.07,0.24,0.1,0.42,0.05,0.03,-0.44,0.83,-0.68,-0.85,0.74,-0.83,0.88,-1.26,0.6
2024,1,4,0,30,Summer,Port Louis,4.05,0.52,30.08,98.04,16.22,0.18,0.5,0.91,0.25,0.7,0.06,0.18,0.19,0.14,0.23,0.25,0.03,0.45,0.66,0.51,-0.38,0.36,0.67,-0.48,-0.65,0.46,-0.66,-1.21
2024,1,4,0,45,Summer,Port Louis,2.71,0.66,25.58,83.88,19.61,0.55,0.92,0.64,0.83,0.92,0.4,0.3,0.24,0.21,0.29,0.12,0.17,0.3,-0.15,-0.03,0.56,0.13,0.16,1.03,0.0,-0.76,0.95,0.38
2024,1,4,1,0,Summer,Port Louis,3.4,0.56,32.15,83.02,8.64,0.12,0.26,0.81,0.27,0.99,0.02,0.38,0.23,0.24,0.29,0.17,0.43,0.25,0.51,0.8,0.09,0.83,-0.23,0.64,-0.32,-0.73,-0.23,-1.05
2024,1,4,1,15,Summer,Port Louis,1.05,0.87,29.26,71.17,24.06,0.67,0.89,0.72,0.49,0.96,0.13,0.42,0.15,0.24,0.22,0.33,0.41,0.1,0.1,0.33,0.36,-0.12,-0.44,-0.41,-0.23,0.88,-0.58,0.74
2024,1,4,1,30,Summer,Port Louis,0.56,0.77,32.72,86.75,16.88,0.02,0.98,0.63,0.41,0.68,0.75,0.49,0.17,0.21,0.28,0.37,0.11,-0.08,0.4,0.03,-0.13,0.64,0.32,-0.53,1.07,0.58,1.22,-0.79
2024,1,4,1,45,Summer,Port Louis,4.52,0.75,33.82,79.11,11.58,0.78,0.58,0.73,0.43,0.74,0.17,0.43,0.24,0.28,0.28,0.27,0.5,-0.01,0.6,-0.23,0.63,0.75,0.21,0.52,0.81,0.05,0.7,0.2
2024,1,4,2,0,Summer,Port Louis,0.45,0.87,25.32,77.31,5.26,0.76,0.31,0.92,0.26,0.64,0.87,0.46,0.38,0.21,0.26,0.14,0.44,0.25,0.69,-0.25,0.5,0.08,0.33,1.02,0.53,0.85,-0.41,-0.15
2024,1,4,2,15,Summer,Port Louis,0.06,0.63,29.91,90.71,21.9,0.71,0.34,0.81,0.24,0.79,0.98,0.16,0.32,0.28,0.25,0.12,0.14,-0.09,0.01,0.33,-0.17,-0.17,0.98,-0.53,0.89,1.26,-0.49,0.55
2024,1,4,2,30,Summer,Port Louis,4.87,0.78,31.56,71.5,18.76,0.59,0.32,0.59,0.37,0.72,0.01,0.34,0.27,0.24,0.28,0.2,0.23,0.02,0.54,0.23,-0.23,0.55,1.02,1.18,0.8,-0.6,0.2,-0.89
2024,1,4,2,45,Summer,Port Louis,3.52,0.8,34.8,97.25,12.76,0.14,0.52,0.63,0.26,0.72,0.96,0.0,0.12,0.26,0.24,0.16,0.01,0.51,0.4,-0.13,0.32,0.1,0.27,0.19,1.25,-0.54,0.22,0.44
2024,1,4,3,0,Summer,Port Louis,0.57,0.62,29.9,86.72,7.88,0.93,0.47,0.89,0.21,0.53,0.69,0.13,0.27,0.29,0.27,0.27,0.43,0.18,0.34,0.54,0.83,0.05,0.42,-0.1,-0.41,0.44,0.31,0.74
2024,1,4,3,15,Summer,Port Louis,2.62,0.9,27.26,72.22,13.59,0.23,0.41,0.86,0.37,0.78,0.31,0.24,0.12,0.23,0.22,0.16,0.03,0.31,0.6,0.59,0.42,0.25,0.17,0.88,0.26,-0.67,0.8,1.58
2024,1,4,3,30,Summer,Port Louis,1.12,0.55,27.67,88.59,24.03,0.64,0.35,0.7,0.21,0.99,0.55,0.24,0.2,0.26,0.27,0.27,0.24,0.29,-0.08,0.28,0.2,0.49,0.45,0.74,-0.74,-0.03,-0.87,-0.16
2024,1,4,3,45,Summer,Port Louis,2.04,0.88,25.27,96.29,21.92,0.53,0.71,0.56,0.44,0.9,0.16,0.02,0.12,0.27,0.25,0.37,0.27,0.16,-0.0,0.67,-0.33,0.11,-0.52,1.08,-0.11,-0.83,-0.89,1.15
2024,1,4,4,0,Summer,Port Louis,3.88,0.69,34.33,90.15,24.18,0.24,0.26,0.9,0.43,0.67,0.15,0.47,0.39,0.22,0.21,0.22,0.24,-0.04,0.62,-0.29,0.06,-0.21,0.96,-0.57,0.93,-0.37,1.1,0.54
2024,1,4,4,15,Summer,Port Louis,2.99,0.52,31.45,79.04,23.5,0.23,0.98,0.53,0.36,0.97,0.17,0.21,0.18,0.29,0.28,0.4,0.12,0.0,-0.11,0.78,-0.21,0.66,0.47,0.22,-0.35,-0.75,0.56,0.77
2024,1,4,4,30,Summer,Port Louis,3.07,0.89,32.92,91.86,17.28,0.22,0.53,0.51,0.49,0.98,0.85,0.42,0.3,0.27,0.22,0.19,0.33,0.16,0.44,0.28,0.63,0.59,0.18,0.56,0.03,1.07,0.0,1.38
2024,1,4,4,45,Summer,Port Louis,4.5,0.89,29.83,96.16,24.23,0.43,0.92,0.82,0.39,0.67,0.47,0.4,0.2,0.28,0.24,0.39,0.05,0.2,0.38,-0.02,0.18,0.61,0.04,0.1,0.13,1.29,0.92,0.46
2024,1,4,5,0,Summer,Port Louis,1.26,0.53,27.22,83.73,19.64,0.45,0.8,0.74,0.3,0.7,0.73,0.22,0.27,0.26,0.29,0.15,0.28,0.02,0.35,0.26,0.7,0.57,-0.52,0.93,-0.34,0.33,-0.13,-0.26
2024,1,4,5,15,Summer,Port Louis,1.2,0.55,34.82,74.43,15.42,0.88,0.79,0.53,0.25,0.91,0.02,0.16,0.23,0.23,0.25,0.21,0.18,0.29,0.43,-0.12,-0.2,0.09,0.22,0.86,0.58,-0.34,0.66,1.02
2024,1,4,5,30,Summer,Port Louis,0.66,0.68,34.02,74.37,7.28,0.78,0.49,0.54,0.46,0.62,0.88,0.26,0.25,0.29,0.28,0.15,0.36,0.11,0.4,0.37,-0.02,0.43,0.73,0.52,0.86,-0.2,1.2,-0.25
2024,1,4,5,45,Summer,Port Louis,2.48,0.59,31.37,91.65,9.4,0.18,0.97,0.9,0.23,0.7,0.52,0.22,0.18,0.29,0.21,0.34,0.4,0.1,-0.04,0.15,0.26,-0.17,0.54,-0.69,0.99,1.13,0.55,0.25
2024,1,4,6,0,Summer,Port Louis,0.86,0.62,25.59,84.48,22.32,0.48,0.9,0.79,0.29,0.7,0.81,0.16,0.3,0.23,0.26,0.4,0.04,-0.07,0.61,0.67,0.42,0.64,0.45,-0.09,0.05,-0.34,-0.73,-0.66
2024,1,4,6,15,Summer,Port Louis,3.09,0.63,25.72,78.05,7.69,0.58,0.83,0.87,0.2,0.59,0.96,0.12,0.11,0.22,0.25,0.34,0.23,-0.05,0.59,0.47,0.24,-0.44,0.65,0.4,1.23,-0.82,0.6,1.44
2024,1,4,6,30,Summer,Port Louis,1.74,0.65,34.8,90.88,24.36,0.21,0.92,1.0,0.37,0.69,0.13,0.47,0.38,0.22,0.2,0.19,0.32,0.23,0.67,-0.15,0.76,0.99,0.34,0.82,0.15,0.17,0.74,-0.68
2024,1,4,6,45,Summer,Port Louis,0.88,0.79,25.23,75.69,5.54,0.6,0.04,0.55,0.26,0.68,0.82,0.32,0.39,0.21,0.28,0.26,0.03,0.24,-0.06,0.29,0.53,1.0,-0.11,-0.51,1.22,-0.44,-0.31,-0.1
2024,1,4,7,0,Summer,Port Louis,1.34,0.57,26.09,76.62,10.63,0.24,0.25,0.88,0.22,0.89,0.09,0.01,0.25,0.24,0.29,0.14,0.24,0.24,0.53,0.49,0.35,0.85,0.96,0.44,1.27,1.25,0.71,-0.53
2024,1,4,7,15,Summer,Port Louis,3.33,0.92,31.82,79.93,13.71,0.05,0.7,0.81,0.45,0.5,0.01,0.34,0.22,0.24,0.24,0.1,0.4,0.31,0.0,0.63,0.07,0.9,0.9,1.18,1.29,0.31,-0.45,-0.75
2024,1,4,7,30,Summer,Port Louis,2.33,0.8,29.99,76.95,17.62,0.01,0.66,0.82,0.27,0.95,0.08,0.33,0.37,0.29,0.28,0.21,0.49,0.29,0.58,0.59,0.09,0.87,1.08,0.65,0.58,-0.43,-0.45,1.14
2024,1,4,7,45,Summer,Port Louis,0.06,0.72,34.77,95.11,5.84,0.73,0.02,0.81,0.37,0.98,0.9,0.32,0.22,0.27,0.2,0.12,0.15,0.47,0.65,0.29,-0.03,0.86,-0.07,1.2,1.2,0.19,0.74,-0.95
2024,1,4,8,0,Summer,Port Louis,0.9,0.8,28.56,99.93,14.01,0.49,0.93,0.94,0.44,0.68,0.48,0.38,0.2,0.27,0.23,0.32,0.37,0.03,-0.2,0.52,0.01,-0.46,0.28,0.59,-0.32,1.19,1.32,0.4
2024,1,4,8,15,Summer,Port Louis,3.64,0.87,29.17,96.56,14.64,0.23,0.18,0.95,0.32,0.57,0.34,0.26,0.2,0.28,0.28,0.27,0.2,0.27,0.02,0.25,0.56,-0.14,-0.55,0.67,1.11,0.14,0.66,1.51
2024,1,4,8,30,Summer,Port Louis,4.74,0.62,33.22,77.04,17.54,0.82,0.59,0.52,0.32,0.97,0.94,0.16,0.3,0.24,0.3,0.38,0.13,0.51,0.37,0.01,0.55,-0.14,-0.18,-0.58,-0.45,-0.75,-0.43,-0.85
2024,1,4,8,45,Summer,Port Louis,4.02,0.63,31.97,73.81,5.82,0.97,0.35,0.81,0.41,0.62,0.92,0.1,0.33,0.24,0.24,0.18,0.15,0.49,0.47,0.5,-0.29,-0.45,-0.33,0.17,0.41,-0.46,0.54,-0.1
2024,1,4,9,0,Summer,Port Louis,4.03,0.51,29.05,81.89,5.5,0.09,0.75,0.65,0.27,0.63,0.81,0.43,0.16,0.29,0.26,0.25,0.13,0.04,0.43,0.14,-0.14,0.72,0.56,-0.54,0.85,0.74,-0.58,-0.59
2024,1,4,9,15,Summer,Port Louis,1.81,0.63,25.56,97.34,16.94,0.02,0.0,0.88,0.47,0.51,0.22,0.32,0.23,0.24,0.28,0.26,0.25,0.13,0.18,0.1,-0.35,0.54,-0.53,-0.37,0.03,0.44,0.27,1.43
2024,1,4,9,30,Summer,Port Louis,0.74,0.87,30.37,86.01,19.79,0.99,0.92,0.7,0.43,0.62,0.54,0.48,0.34,0.28,0.26,0.31,0.11,0.59,0.57,-0.15,-0.21,0.55,0.33,0.82,0.91,-0.08,-0.72,-0.06
2024,1,4,9,45,Summer,Port Louis,0.11,0.59,30.93,84.61,22.31,0.51,0.36,0.82,0.24,0.63,0.81,0.23,0.32,0.26,0.26,0.27,0.13,0.44,0.11,0.65,0.66,0.09,0.33,-0.69,0.07,-0.05,-0.73,-0.83
2024,1,4,10,0,Summer,Port Louis,0.5,0.9,26.78,98.19,8.12,0.49,0.25,0.59,0.21,0.55,0.88,0.19,0.2,0.25,0.29,0.2,0.2,0.18,0.39,0.28,-0.07,0.57,-0.51,-0.05,-0.27,-0.07,1.03,0.12
2024,1,4,10,15,Summer,Port Louis,1.48,0.8,28.83,87.36,15.21,0.95,0.39,0.87,0.48,0.63,0.69,0.26,0.32,0.29,0.26,0.28,0.05,0.45,0.11,0.05,0.09,-0.16,0.46,0.49,1.21,-0.73,0.82,0.81
2024,1,4,10,30,Summer,Port Louis,3.3,0.9,33.05,89.69,24.25,0.37,0.54,0.86,0.28,0.51,0.79,0.36,0.21,0.27,0.2,0.39,0.17,-0.05,0.06,0.61,-0.22,0.72,-0.43,-0.0,-0.59,0.3,0.52,1.3
2024,1,4,10,45,Summer,Port Louis,0.46,0.67,26.01,98.5,19.11,0.29,0.95,0.64,0.21,0.71,0.96,0.4,0.22,0.29,0.25,0.28,0.38,0.31,0.27,0.48,0.32,-0.23,0.27,0.41,0.7,-0.48,1.08,0.09
2024,1,4,11,0,Summer,Port Louis,2.8,0.61,28.77,84.79,11.72,0.68,0.8,0.9,0.25,0.68,0.04,0.21,0.4,0.24,0.27,0.35,0.41,0.43,0.0,0.01,-0.25,0.43,-0.19,0.91,-0.5,0.52,-0.03,1.27
2024,1,4,11,15,Summer,Port Louis,0.92,0.65,31.18,81.91,18.65,0.28,0.09,0.85,0.27,0.93,0.37,0.27,0.15,0.24,0.21,0.18,0.47,0.24,0.47,0.0,-0.4,-0.12,0.2,0.59,-0.55,-0.12,1.34,-1.02
2024,1,4,11,30,Summer,Port Louis,4.13,0.64,33.91,74.7,8.31,0.16,0.29,0.92,0.49,0.54,0.58,0.23,0.19,0.24,0.27,0.13,0.09,0.38,0.68,0.7,0.63,-0.11,0.52,-0.22,0.95,-0.62,0.25,0.21
2024,1,4,11,45,Summer,Port Louis,2.79,0.9,33.19,91.72,23.2,0.2,0.16,0.78,0.27,0.58,0.65,0.23,0.21,0.25,0.24,0.31,0.3,0.26,0.16,-0.18,0.82,0.45,0.35,0.56,-0.45,0.13,-0.59,0.97
2024,1,4,12,0,Summer,Port Louis,3.49,0.82,33.56,84.79,12.24,0.26,0.6,0.62,0.46,0.53,0.4,0.48,0.24,0.3,0.27,0.34,0.31,0.11,0.21,0.23,0.1,0.07,-0.25,0.65,-0.75,0.67,0.14,-0.56
2024,1,4,12,15,Summer,Port Louis,0.36,0.74,26.85,85.34,14.44,0.59,0.53,0.6,0.24,0.53,0.32,0.01,0.2,0.27,0.24,0.24,0.01,0.58,-0.08,-0.06,0.28,-0.48,0.6,0.1,1.24,1.19,0.0,0.18
2024,1,4,12,30,Summer,Port Louis,2.68,0.87,27.3,81.78,18.98,0.3,0.17,0.96,0.26,0.61,0.38,0.31,0.36,0.21,0.24,0.32,0.14,0.58,0.35,0.74,-0.31,0.91,-0.55,1.16,-0.51,-0.06,0.69,0.89
2024,1,4,12,45,Summer,Port Louis,4.73,0.69,28.13,83.43,15.37,0.68,0.47,0.66,0.43,0.68,0.95,0.1,0.34,0.23,0.29,0.37,0.02,0.09,0.26,0.42,-0.15,0.22,0.97,1.13,0.4,0.51,0.01,1.32
2024,1,4,13,0,Summer,Port Louis,2.21,0.62,26.19,78.85,16.99,0.2,0.73,0.68,0.34,0.82,0.57,0.34,0.17,0.26,0.26,0.14,0.2,0.21,0.01,0.68,0.58,0.86,-0.46,0.57,-0.24,0.66,0.56,-0.89
2024,1,4,13,15,Summer,Port Louis,1.05,0.66,27.7,98.12,13.73,0.33,0.4,0.91,0.41,0.78,0.65,0.21,0.24,0.21,0.3,0.13,0.33,0.14,0.62,0.43,0.65,-0.12,0.19,-0.26,-0.43,-0.18,0.74,1.07
2024,1,4,13,30,Summer,Port Louis,1.88,0.91,28.47,89.34,22.66,0.6,0.65,0.83,0.46,0.63,0.72,0.13,0.14,0.23,0.28,0.1,0.45,0.27,0.69,0.16,-0.22,-0.07,0.07,0.64,1.24,-0.37,-0.58,-1.03
2024,1,4,13,45,Summer,Port Louis,2.46,0.84,32.01,89.67,20.42,0.1,0.48,0.6,0.49,0.91,0.66,0.47,0.22,0.23,0.3,0.38,0.27,0.52,0.67,0.73,-0.05,0.89,0.33,0.5,0.25,1.19,0.24,-0.11
2024,1,4,14,0,Summer,Port Louis,3.81,0.67,31.94,73.65,7.63,0.5,0.5,0.93,0.38,0.89,0.89,0.12,0.21,0.23,0.24,0.14,0.03,0.52,0.46,0.52,0.2,0.23,0.41,0.42,0.81,0.04,0.32,-0.02
2024,1,4,14,15,Summer,Port Louis,1.18,0.73,32.17,86.17,17.29,0.43,0.12,0.71,0.36,0.71,0.6,0.47,0.32,0.27,0.28,0.26,0.02,0.46,-0.18,0.7,-0.29,0.31,0.01,0.8,-0.1,1.03,1.4,1.47
2024,1,4,14,30,Summer,Port Louis,0.52,0.95,34.2,79.02,17.61,0.86,0.55,0.86,0.49,0.7,0.17,0.15,0.32,0.2,0.22,0.18,0.32,0.57,0.69,0.47,0.81,0.81,-0.2,-0.52,-0.07,0.15,-0.41,1.38
2024,1,4,14,45,Summer,Port Louis,2.74,0.75,32.08,95.25,7.88,0.28,0.92,0.59,0.41,0.98,0.98,0.3,0.35,0.26,0.22,0.11,0.12,0.08,-0.09,0.48,0.86,-0.06,-0.15,0.56,0.7,-0.16,0.72,0.73
2024,1,4,15,0,Summer,Port Louis,3.13,0.76,29.54,72.31,16.66,0.69,0.24,0.86,0.36,0.72,0.41,0.11,0.18,0.23,0.2,0.16,0.27,0.3,0.44,0.04,0.67,0.28,0.73,0.27,-0.76,0.55,0.23,0.99
2024,1,4,15,15,Summer,Port Louis,2.16,0.61,33.56,85.31,10.09,0.18,0.7,0.8,0.36,0.62,0.48,0.33,0.29,0.25,0.23,0.21,0.42,0.39,0.15,0.52,0.37,-0.31,0.87,0.96,0.23,-0.55,1.03,-0.43
2024,1,4,15,30,Summer,Port Louis,4.66,0.63,30.42,91.53,21.24,0.01,0.35,0.56,0.25,0.69,0.41,0.43,0.39,0.27,0.26,0.34,0.5,0.35,0.09,0.07,-0.38,-0.06,0.72,0.66,0.78,0.66,-0.59,0.36
2024,1,4,15,45,Summer,Port Louis,3.68,0.56,33.02,90.0,12.14,0.82,0.46,0.51,0.47,0.98,0.67,0.21,0.11,0.26,0.28,0.27,0.06,0.05,0.21,-0.08,0.54,0.69,-0.6,0.44,-0.29,-0.42,0.75,-0.13
2024,1,4,16,0,Summer,Port Louis,4.86,0.79,31.63,95.07,11.03,0.68,0.47,0.89,0.36,0.95,0.41,0.33,0.23,0.25,0.27,0.33,0.42,-0.02,0.45,0.57,-0.08,-0.33,0.61,0.6,0.24,0.69,-0.49,0.31
2024,1,4,16,15,Summer,Port Louis,1.33,0.56,28.84,92.36,22.82,0.01,0.26,0.65,0.39,1.0,0.31,0.49,0.13,0.2,0.25,0.16,0.42,0.22,0.5,-0.06,0.14,0.49,0.29,-0.31,0.6,0.38,1.1,1.22
2024,1,4,16,30,Summer,Port Louis,1.34,0.82,26.69,70.59,16.12,0.07,0.04,0.61,0.3,0.98,0.49,0.03,0.33,0.24,0.26,0.15,0.01,0.15,0.55,0.03,0.17,-0.01,-0.44,0.48,0.95,0.62,0.61,0.92
2024,1,4,16,45,Summer,Port Louis,3.37,0.7,32.06,76.75,5.2,0.58,0.36,0.95,0.26,0.73,0.8,0.05,0.13,0.26,0.28,0.25,0.25,0.22,0.4,0.68,0.33,-0.32,0.15,-0.45,1.08,-0.85,0.61,-1.05
2024,1,4,17,0,Summer,Port Louis,0.52,0.75,31.94,71.08,5.22,0.98,0.49,0.98,0.21,0.92,0.13,0.46,0.12,0.24,0.2,0.19,0.28,-0.0,-0.2,0.36,-0.31,0.32,0.22,0.79,-0.77,0.81,0.15,1.08
2024,1,4,17,15,Summer,Port Louis,0.6,0.64,30.53,93.73,23.93,0.81,0.37,0.81,0.35,0.64,0.37,0.16,0.19,0.27,0.29,0.32,0.01,0.54,-0.07,-0.22,0.68,0.29,0.16,-0.69,-0.03,0.7,1.34,-0.54
2024,1,4,17,30,Summer,Port Louis,2.81,0.77,30.22,96.94,16.87,0.47,0.12,0.96,0.29,0.76,0.26,0.11,0.16,0.24,0.22,0.22,0.13,-0.03,0.11,0.59,0.72,0.86,0.3,0.24,-0.46,0.35,1.02,-1.02
2024,1,4,17,45,Summer,Port Louis,3.45,0.56,29.11,85.82,14.78,0.58,0.31,0.57,0.21,0.8,0.55,0.12,0.24,0.21,0.3,0.28,0.37,0.12,0.44,0.42,0.15,-0.05,-0.49,0.73,-0.03,-0.54,0.85,0.75
2024,1,4,18,0,Summer,Port Louis,2.35,0.64,29.22,85.19,11.21,0.86,0.46,0.51,0.28,0.96,0.19,0.3,0.29,0.25,0.26,0.21,0.12,0.12,0.55,0.27,0.24,0.97,-0.24,0.54,0.23,1.27,0.79,-0.24
2024,1,4,18,15,Summer,Port Louis,3.98,0.59,33.38,81.8,13.68,0.64,0.26,0.58,0.46,0.8,0.92,0.26,0.33,0.23,0.3,0.26,0.13,0.0,0.36,-0.03,0.2,-0.46,0.5,-0.5,-0.58,0.83,1.02,1.0
2024,1,4,18,30,Summer,Port Louis,2.39,0.6,31.79,81.18,23.45,0.31,0.94,0.66,0.41,0.95,0.68,0.38,0.28,0.23,0.26,0.39,0.31,0.15,-0.19,0.44,0.24,-0.17,-0.12,0.32,0.45,0.4,-0.65,-0.33
2024,1,4,18,45,Summer,Port Louis,1.49,0.91,27.05,88.74,20.68,0.79,0.57,0.75,0.27,0.62,0.23,0.4,0.39,0.22,0.23,0.17,0.23,0.54,0.32,0.45,0.81,-0.26,-0.5,1.14,-0.07,0.76,1.47,-0.84
2024,1,4,19,0,Summer,Port Louis,0.76,0.87,31.65,74.36,8.65,0.37,0.46,0.58,0.31,0.73,0.58,0.06,0.37,0.21,0.21,0.25,0.45,0.37,-0.11,-0.01,-0.32,0.33,-0.57,0.77,-0.49,0.73,-0.52,1.22
2024,1,4,19,15,Summer,Port Louis,0.51,0.67,30.97,84.89,23.99,0.43,0.06,0.92,0.36,0.81,0.64,0.25,0.19,0.29,0.24,0.21,0.38,0.11,0.59,0.58,-0.06,0.58,-0.02,-0.43,0.24,-0.29,0.02,-0.89
2024,1,4,19,30,Summer,Port Louis,2.39,0.58,28.6,81.93,19.79,0.22,0.42,0.82,0.22,0.86,0.93,0.39,0.37,0.25,0.2,0.36,0.15,0.2,0.45,0.14,0.73,-0.47,1.09,0.54,0.64,-0.63,0.87,-0.71
2024,1,4,19,45,Summer,Port Louis,1.81,0.79,34.43,84.96,10.23,0.85,0.25,0.56,0.4,0.58,0.81,0.34,0.35,0.29,0.21,0.14,0.14,-0.08,0.0,-0.0,-0.18,0.41,-0.06,0.51,0.78,0.58,0.24,-0.88
2024,1,4,20,0,Summer,Port Louis,3.72,0.81,26.25,85.54,19.72,0.5,0.54,0.7,0.49,0.58,0.59,0.29,0.15,0.21,0.22,0.23,0.41,0.06,-0.13,0.78,-0.28,0.67,-0.07,0.63,-0.59,0.3,0.88,0.81
2024,1,4,20,15,Summer,Port Louis,4.36,0.53,33.33,71.53,12.11,0.12,0.81,0.55,0.22,0.85,0.85,0.26,0.26,0.28,0.28,0.23,0.02,0.23,0.56,0.46,0.79,-0.22,0.21,-0.31,-0.61,0.83,0.98,0.78
2024,1,4,20,30,Summer,Port Louis,0.18,0.83,27.46,73.18,11.96,0.29,0.76,0.67,0.5,0.58,0.21,0.09,0.19,0.2,0.23,0.12,0.27,0.58,-0.07,0.03,0.44,0.42,-0.14,0.97,-0.26,0.08,0.65,-0.05
2024,1,4,20,45,Summer,Port Louis,3.27,0.55,31.44,82.35,24.2,0.35,0.43,0.56,0.42,0.62,0.92,0.39,0.4,0.21,0.26,0.22,0.41,0.05,-0.02,-0.28,-0.38,-0.02,0.36,0.11,0.23,0.32,-0.94,0.27
2024,1,4,21,0,Summer,Port Louis,1.62,0.73,30.49,97.26,19.97,0.56,0.61,0.91,0.36,0.91,0.17,0.39,0.15,0.26,0.26,0.3,0.17,0.26,0.39,0.79,0.12,0.08,0.7,1.13,0.98,1.09,-0.62,-0.09
2024,1,4,21,15,Summer,Port Louis,2.5,0.82,27.78,91.42,24.08,0.04,0.61,0.81,0.21,0.96,0.01,0.16,0.19,0.22,0.24,0.31,0.37,0.08,0.52,0.17,0.33,0.91,-0.05,1.14,0.02,-0.89,0.52,-1.02
2024,1,4,21,30,Summer,Port Louis,1.79,0.95,29.28,78.36,23.77,0.64,0.94,0.71,0.33,0.55,0.71,0.0,0.36,0.21,0.28,0.27,0.21,0.54,0.0,0.5,-0.16,-0.03,0.71,0.12,-0.18,1.36,0.14,0.71
2024,1,4,21,45,Summer,Port Louis,4.37,0.82,27.24,85.11,16.79,0.1,0.82,0.8,0.43,0.7,0.53,0.14,0.39,0.29,0.3,0.16,0.17,0.11,0.03,0.46,0.55,0.25,0.17,-0.18,0.29,-0.1,0.98,0.16
2024,1,4,22,0,Summer,Port Louis,2.27,0.92,25.41,87.95,14.66,0.22,0.2,0.93,0.5,0.78,0.1,0.12,0.32,0.3,0.27,0.37,0.36,-0.01,0.39,0.72,-0.4,0.05,-0.26,-0.06,-0.79,0.75,1.45,1.51
2024,1,4,22,15,Summer,Port Louis,3.18,1.0,32.53,70.07,23.28,0.52,0.68,0.58,0.29,0.62,0.44,0.2,0.38,0.24,0.29,0.39,0.13,-0.09,0.1,0.59,-0.16,0.52,-0.33,-0.4,0.79,0.99,0.43,1.55
2024,1,4,22,30,Summer,Port Louis,0.69,0.86,25.8,96.77,13.04,0.1,0.07,0.88,0.35,0.94,0.29,0.14,0.19,0.24,0.26,0.12,0.2,0.28,0.29,0.54,0.02,0.46,-0.39,0.87,0.28,0.36,1.48,0.08
2024,1,4,22,45,Summer,Port Louis,2.13,0.88,33.0,96.57,9.83,0.71,0.18,0.85,0.46,0.69,0.65,0.08,0.21,0.25,0.27,0.21,0.04,0.31,0.5,0.68,0.81,-0.37,-0.53,0.14,-0.32,0.92,1.36,-0.24
2024,1,4,23,0,Summer,Port Louis,1.43,0.52,28.74,73.04,12.6,0.49,0.95,0.56,0.25,0.98,0.87,0.27,0.39,0.29,0.23,0.36,0.43,0.41,0.22,0.46,-0.34,0.07,-0.24,0.1,-0.41,-0.88,0.4,-0.47
2024,1,4,23,15,Summer,Port Louis,2.77,0.85,31.47,89.52,7.45,0.34,0.06,0.68,0.37,0.98,0.19,0.07,0.25,0.3,0.3,0.27,0.05,0.17,0.08,0.24,0.82,0.58,-0.45,0.31,0.04,0.27,0.06,-0.07
2024,1,4,23,30,Summer,Port Louis,1.88,0.61,25.48,89.75,17.06,0.89,0.95,0.77,0.45,0.64,0.01,0.0,0.39,0.25,0.28,0.29,0.0,0.12,0.62,-0.09,0.36,0.13,0.28,1.18,-0.27,-0.32,0.65,0.83
2024,1,4,23,45,Summer,Port Louis,3.34,0.86,32.05,78.82,21.75,0.9,0.28,0.83,0.25,0.56,0.65,0.37,0.33,0.26,0.3,0.12,0.2,0.05,-0.06,0.71,0.3,-0.36,0.69,0.15,-0.53,0.7,0.98,0.73
2024,1,5,0,0,Summer,Port Louis,1.37,0.5,25.88,86.39,22.47,0.93,0.85,0.93,0.37,0.8,0.81,0.0,0.01,0.17,-0.13,-0.0,0.3,-0.01,0.6,-0.09,0.5,0.35,0.94,0.67,0.42,0.7,-0.61,-0.65
2024,1,5,0,15,Summer,Port Louis,2.92,0.65,27.95,87.72,18.25,0.36,0.67,0.63,0.29,0.65,0.98,0.04,0.07,0.19,0.0,-0.15,-0.15,0.34,0.07,0.44,0.7,-0.45,0.92,-1.01,1.12,-0.71,-1.29,-0.09
2024,1,5,0,30,Summer,Port Louis,4.18,0.94,26.0,97.9,7.53,0.12,0.34,0.77,0.2,0.58,0.58,0.12,0.15,0.14,0.2,0.1,0.19,-0.11,0.2,0.25,-0.34,-0.05,0.61,0.76,-0.85,0.95,1.37,-0.14
2024,1,5,0,45,Summer,Port Louis,3.91,0.6,25.89,96.44,13.25,0.52,0.15,0.54,0.8,0.58,0.39,0.36,0.31,0.29,0.23,0.24,0.05,0.23,-0.14,0.47,0.38,-0.18,0.17,-0.52,0.43,1.39,0.87,-1.01
2024,1,5,1,0,Summer,Port Louis,4.7,0.56,30.96,79.25,10.39,0.51,0.6,0.65,0.25,0.78,0.29,0.21,0.33,0.27,0.26,0.39,0.32,0.23,0.14,0.38,0.44,0.78,0.92,-0.63,0.94,-0.51,-0.08,-0.43
2024,1,5,1,15,Summer,Port Louis,0.12,0.67,26.89,91.46,24.3,0.93,0.38,0.94,0.33,0.85,0.81,0.03,0.29,0.21,0.25,0.29,0.42,0.12,0.46,-0.2,-0.26,-0.22,-0.4,0.11,0.72,0.3,0.55,1.17
2024,1,5,1,30,Summer,Port Louis,1.29,0.92,34.75,74.55,20.27,0.09,0.79,0.7,0.31,0.55,0.67,0.01,0.27,0.22,0.26,0.24,0.44,0.18,-0.13,0.27,0.05,-0.23,1.04,1.11,-0.06,0.14,-0.66,-0.66
2024,1,5,1,45,Summer,Port Louis,2.51,0.9,29.81,88.84,8.16,0.57,0.16,0.75,0.23,0.81,0.49,0.22,0.28,0.21,0.28,0.16,0.06,-0.0,0.31,0.66,0.08,0.73,1.1,1.2,1.28,0.07,0.95,-0.75
2024,1,5,2,0,Summer,Port Louis,0.39,0.51,30.27,86.16,8.7,0.44,0.69,0.7,0.47,0.88,0.59,0.44,0.19,0.3,0.3,0.15,0.37,0.38,-0.15,0.51,0.77,-0.03,0.48,-0.53,-0.15,1.0,0.1,-0.9
2024,1,5,2,15,Summer,Port Louis,2.42,0.76,33.64,75.24,20.89,0.23,0.99,0.62,0.25,0.74,0.35,0.01,0.38,0.26,0.29,0.26,0.3,0.48,-0.05,0.39,-0.14,0.49,0.0,0.27,-0.57,0.45,0.99,0.99
2024,1,5,2,30,Summer,Port Louis,1.87,1.0,28.03,73.7,18.33,0.4,0.03,0.91,0.43,0.76,0.39,0.15,0.24,0.29,0.22,0.21,0.18,0.36,0.59,0.01,-0.04,0.39,0.8,0.18,1.16,1.11,-0.49,1.58
2024,1,5,2,45,Summer,Port Louis,1.44,0.68,34.59,81.24,19.36,0.09,0.7,0.82,0.28,0.97,0.04,0.25,0.19,0.26,0.29,0.12,0.45,0.25,0.61,0.5,0.12,-0.04,0.68,-0.23,-0.45,-0.88,-0.56,0.82
2024,1,5,3,0,Summer,Port Louis,0.74,0.72,27.16,70.91,23.11,0.04,0.49,0.55,0.27,0.54,0.26,0.05,0.2,0.21,0.22,0.34,0.26,0.26,0.05,-0.04,0.87,0.82,-0.37,0.7,-0.64,-0.75,-0.65,1.24
2024,1,5,3,15,Summer,Port Louis,4.67,0.78,30.69,91.54,21.99,0.73,0.13,0.56,0.29,0.73,0.69,0.14,0.37,0.26,0.26,0.39,0.14,0.12,-0.07,0.07,-0.21,0.54,0.44,-0.04,0.92,1.03,-0.32,0.32
2024,1,5,3,30,Summer,Port Louis,1.06,0.81,34.31,81.13,6.31,0.78,0.67,0.62,0.49,0.64,0.93,0.09,0.21,0.23,0.24,0.14,0.47,0.43,-0.16,0.27,0.35,0.23,-0.01,0.43,0.63,0.92,-0.96,-0.74
2024,1,5,3,45,Summer,Port Louis,3.33,0.88,31.48,85.97,5.56,0.26,0.16,0.61,0.32,0.67,0.69,0.33,0.28,0.2,0.29,0.3,0.36,0.59,0.68,-0.23,0.45,0.88,0.28,1.15,0.87,-0.83,-0.6,0.06
2024,1,5,4,0,Summer,Port Louis,4.86,0.84,25.27,79.14,6.86,0.45,0.45,0.93,0.38,0.52,0.01,0.21,0.31,0.22,0.2,0.28,0.08,0.16,0.63,-0.3,0.02,-0.02,0.19,-0.3,-0.28,1.14,-0.29,-0.84
2024,1,5,4,15,Summer,Port Louis,1.03,0.86,30.91,89.11,9.97,0.61,0.97,0.95,0.21,0.64,0.14,0.21,0.31,0.3,0.24,0.18,0.08,0.17,0.53,0.73,-0.19,-0.33,-0.36,-0.22,0.78,0.62,0.5,1.06
2024,1,5,4,30,Summer,Port Louis,1.78,0.77,34.13,82.28,22.57,0.02,0.27,0.68,0.45,0.7,0.85,0.44,0.34,0.22,0.28,0.3,0.29,0.48,0.19,-0.0,0.32,0.9,0.4,0.98,0.9,-0.34,1.49,-0.88
2024,1,5,4,45,Summer,Port Louis,3.19,0.57,29.38,89.99,11.33,0.99,0.55,0.85,0.49,0.93,0.79,0.23,0.2,0.24,0.21,0.1,0.11,-0.04,0.67,0.37,0.47,0.8,0.78,-0.02,0.64,0.01,0.1,-0.68
2024,1,5,5,0,Summer,Port Louis,4.34,0.58,31.06,85.54,24.43,0.89,0.51,0.67,0.35,0.9,0.11,0.47,0.36,0.2,0.3,0.22,0.22,0.59,0.27,-0.29,-0.28,0.39,1.02,0.19,0.18,0.28,0.37,0.06
2024,1,5,5,15,Summer,Port Louis,0.08,0.56,32.82,91.77,24.61,0.99,0.56,0.84,0.41,0.59,0.96,0.24,0.22,0.22,0.3,0.13,0.25,0.37,-0.11,0.16,0.54,0.85,0.33,-0.38,1.05,-0.78,-0.56,1.26
2024,1,5,5,30,Summer,Port Louis,0.19,0.71,26.86,78.39,16.2,0.92,0.06,0.71,0.38,0.55,0.58,0.05,0.16,0.26,0.25,0.12,0.42,0.17,-0.09,0.5,0.0,0.94,0.82,0.89,0.72,-0.55,0.48,1.34
2024,1,5,5,45,Summer,Port Louis,4.56,0.74,30.32,92.18,15.46,0.73,0.91,0.92,0.34,0.71,0.98,0.25,0.13,0.26,0.2,0.13,0.06,-0.08,-0.04,0.39,0.11,0.22,-0.21,0.43,0.63,-0.16,1.31,-0.01
2024,1,5,6,0,Summer,Port Louis,1.22,0.9,28.31,89.38,19.13,0.58,0.44,0.81,0.41,0.84,0.34,0.32,0.34,0.23,0.29,0.14,0.46,0.59,0.2,-0.06,-0.21,0.22,-0.13,-0.37,0.23,1.23,0.37,0.68
2024,1,5,6,15,Summer,Port Louis,2.7,0.67,33.55,87.67,18.12,0.98,0.68,0.6,0.47,0.78,0.9,0.13,0.26,0.29,0.24,0.13,0.12,0.51,-0.03,0.21,0.71,0.68,-0.57,0.54,-0.37,1.26,1.05,-0.39
2024,1,5,6,30,Summer,Port Louis,1.7,0.69,25.26,83.85,23.44,0.41,0.11,0.81,0.43,0.9,0.16,0.1,0.22,0.27,0.29,0.27,0.19,0.45,0.14,0.75,0.19,0.86,0.59,-0.27,0.51,-0.87,0.1,-1.04
2024,1,5,6,45,Summer,Port Louis,0.83,0.94,26.53,96.03,23.21,0.53,0.33,0.94,0.33,0.52,0.68,0.1,0.17,0.28,0.29,0.15,0.33,0.18,-0.08,0.01,0.67,0.38,0.53,-0.62,0.93,0.6,1.47,-0.88
2024,1,5,7,0,Summer,Port Louis,0.63,0.74,27.57,90.33,8.32,0.1,0.63,0.84,0.39,0.64,0.23,0.08,0.14,0.27,0.24,0.21,0.24,0.0,0.14,-0.03,0.69,0.74,-0.16,0.77,0.64,0.04,1.02,-0.0
2024,1,5,7,15,Summer,Port Louis,1.79,0.78,26.51,77.86,5.32,0.26,0.61,0.97,0.32,0.8,0.69,0.14,0.4,0.28,0.3,0.36,0.31,0.08,0.06,0.22,0.05,0.52,-0.52,-0.08,0.82,0.85,0.92,1.01
2024,1,5,7,30,Summer,Port Louis,4.23,0.6,33.17,93.83,8.8,0.72,0.94,0.57,0.39,0.56,0.11,0.11,0.27,0.26,0.27,0.32,0.46,0.06,0.53,0.31,0.0,0.13,-0.28,0.16,0.18,-0.37,0.9,0.96
2024,1,5,7,45,Summer,Port Louis,3.42,0.69,29.81,88.29,21.99,0.31,0.0,0.98,0.48,0.89,0.57,0.18,0.25,0.21,0.22,0.2,0.09,0.57,0.25,0.58,0.71,0.45,-0.14,0.65,0.08,0.4,-0.18,0.13
2024,1,5,8,0,Summer,Port Louis,0.55,0.76,32.67,78.76,21.68,0.54,0.74,0.7,0.23,0.8,0.62,0.22,0.38,0.2,0.29,0.37,0.29,0.39,0.12,0.32,0.56,-0.15,0.96,1.17,-0.12,-0.01,-0.53,1.07
2024,1,5,8,15,Summer,Port Louis,3.69,0.57,27.32,75.71,11.17,0.68,0.7,0.9,0.43,0.51,0.44,0.25,0.33,0.29,0.25,0.15,0.4,-0.02,0.39,0.45,0.48,0.55,1.02,0.94,0.07,0.46,-0.73,-0.22
2024,1,5,8,30,Summer,Port Louis,0.91,0.66,33.16,76.83,24.46,1.0,0.01,0.97,0.21,0.85,0.51,0.34,0.36,0.26,0.27,0.17,0.02,0.21,0.65,0.02,0.16,-0.28,-0.11,-0.18,0.28,0.39,0.23,0.11
2024,1,5,8,45,Summer,Port Louis,4.11,0.71,27.44,71.46,14.55,0.09,0.54,0.79,0.45,0.53,0.06,0.33,0.37,0.22,0.23,0.31,0.28,-0.02,-0.03,0.63,0.65,-0.32,0.26,0.91,1.02,0.48,-0.62,-0.32
2024,1,5,9,0,Summer,Port Louis,4.05,0.92,28.6,96.73,16.73,0.2,0.93,0.71,0.26,0.66,0.97,0.43,0.28,0.23,0.22,0.22,0.33,-0.08,0.49,0.6,0.87,0.97,0.19,1.15,0.03,0.14,-0.37,0.73
2024,1,5,9,15,Summer,Port Louis,0.74,0.49,26.21,84.13,7.99,0.53,0.98,0.82,0.41,0.8,0.04,0.12,0.16,0.29,0.27,0.12,0.47,0.29,-0.17,-0.02,0.18,0.08,0.11,0.6,0.85,0.2,0.44,0.29
2024,1,5,9,30,Summer,Port Louis,4.46,0.86,33.31,92.08,6.87,0.88,0.74,0.75,0.29,0.83,0.92,0.41,0.34,0.3,0.24,0.26,0.27,0.4,0.43,0.0,0.23,-0.24,0.96,0.61,-0.53,1.13,1.34,-0.69
2024,1,5,9,45,Summer,Port Louis,1.57,0.83,33.05,93.35,11.29,0.22,0.68,0.97,0.21,0.9,0.47,0.5,0.34,0.24,0.28,0.36,0.18,0.04,-0.09,-0.14,0.29,-0.39,0.45,-0.09,1.23,0.31,-0.94,-0.39
2024,1,5,10,0,Summer,Port Louis,0.29,0.93,34.81,80.54,7.82,0.33,0.66,0.51,0.25,0.57,0.12,0.35,0.14,0.27,0.23,0.2,0.02,0.15,0.64,0.66,-0.07,0.92,0.05,0.87,1.04,1.02,-0.01,1.26
2024,1,5,10,15,Summer,Port Louis,2.04,0.83,25.15,98.41,23.33,0.92,0.55,0.84,0.21,0.73,0.2,0.16,0.36,0.24,0.29,0.26,0.21,0.4,-0.18,0.75,-0.12,0.36,-0.22,-0.25,-0.47,-0.0,-0.16,0.74
2024,1,5,10,30,Summer,Port Louis,0.64,0.88,28.53,74.69,23.96,0.47,0.05,0.55,0.47,0.61,0.48,0.22,0.17,0.25,0.25,0.28,0.5,0.25,-0.03,0.11,-0.02,0.11,-0.11,0.58,0.07,1.3,-0.41,0.68
2024,1,5,10,45,Summer,Port Louis,0.4,0.88,25.5,96.39,23.19,0.55,0.29,0.77,0.41,1.0,0.32,0.29,0.4,0.26,0.3,0.15,0.29,0.35,-0.14,0.62,-0.17,-0.17,0.74,-0.61,-0.36,-0.43,-0.93,1.1
2024,1,5,11,0,Summer,Port Louis,3.76,0.91,31.36,95.76,14.31,0.07,0.95,0.5,0.46,0.63,0.35,0.33,0.21,0.2,0.23,0.36,0.31,0.41,0.01,-0.1,0.79,-0.26,0.15,0.77,0.94,1.0,-0.02,1.5
2024,1,5,11,15,Summer,Port Louis,0.94,0.87,30.85,73.29,17.81,0.09,0.99,0.52,0.43,0.8,0.92,0.39,0.25,0.23,0.23,0.25,0.32,0.14,0.49,0.39,0.1,-0.01,0.88,-0.51,-0.76,-0.55,1.4,-1.07
2024,1,5,11,30,Summer,Port Louis,1.36,0.61,25.71,88.78,13.11,0.7,0.44,0.57,0.36,0.89,0.6,0.36,0.37,0.27,0.21,0.11,0.42,0.06,-0.12,-0.27,0.71,0.83,0.9,-0.64,-0.54,0.58,0.56,0.04
2024,1,5,11,45,Summer,Port Louis,3.0,0.7,27.1,83.46,6.37,0.98,0.79,0.98,0.46,0.6,0.59,0.25,0.18,0.29,0.26,0.36,0.46,0.28,0.49,-0.1,0.18,0.92,0.12,1.17,-0.51,-0.25,-0.59,1.42
2024,1,5,12,0,Summer,Port Louis,1.17,0.63,32.12,78.74,5.0,0.56,0.51,0.97,0.34,0.7,0.64,0.2,0.33,0.28,0.27,0.27,0.26,0.39,0.45,0.36,0.22,0.5,0.68,0.99,-0.16,-0.38,-0.5,-0.62
2024,1,5,12,15,Summer,Port Louis,1.95,0.83,29.28,96.76,15.38,0.05,0.8,0.95,0.37,0.78,0.05,0.36,0.15,0.23,0.3,0.27,0.04,0.29,0.02,0.35,-0.18,0.41,0.05,0.93,1.21,0.55,0.99,-0.83
2024,1,5,12,30,Summer,Port Louis,1.5,0.72,34.1,97.86,20.99,0.74,0.33,0.86,0.23,0.72,0.96,0.4,0.3,0.27,0.26,0.39,0.21,0.09,0.52,0.62,0.16,0.21,-0.41,0.99,0.77,1.2,-0.83,0.43
2024,1,5,12,45,Summer,Port Louis,0.38,0.56,33.55,93.57,9.92,0.7,0.33,0.98,0.32,0.63,0.15,0.33,0.11,0.3,0.22,0.18,0.12,0.14,0.5,0.64,0.04,0.26,-0.11,-0.26,0.92,-0.37,-0.59,-0.69
2024,1,5,13,0,Summer,Port Louis,1.17,0.72,30.65,76.67,24.24,0.2,0.61,0.71,0.21,0.92,0.77,0.17,0.22,0.23,0.28,0.35,0.1,0.44,-0.09,0.46,-0.12,-0.31,0.33,-0.52,0.0,-0.21,0.39,0.0
2024,1,5,13,15,Summer,Port Louis,1.66,0.75,25.25,88.27,18.65,0.81,0.88,0.51,0.45,0.74,0.48,0.21,0.21,0.27,0.23,0.13,0.01,0.56,0.59,0.77,0.52,0.14,0.45,0.45,0.13,0.72,-0.98,-0.21
2024,1,5,13,30,Summer,Port Louis,4.7,0.88,33.94,86.15,17.11,0.59,0.21,0.88,0.22,0.77,0.44,0.11,0.18,0.22,0.21,0.36,0.19,0.57,0.23,0.67,-0.28,0.07,0.98,0.36,0.96,0.69,1.22,-0.9
2024,1,5,13,45,Summer,Port Louis,3.95,0.53,27.17,88.69,16.58,0.73,0.39,0.51,0.23,0.89,0.12,0.28,0.12,0.21,0.29,0.23,0.33,0.48,-0.17,0.44,-0.01,0.39,-0.36,0.55,0.23,0.1,-0.32,0.96
2024,1,5,14,0,Summer,Port Louis,3.13,0.65,28.83,96.96,13.85,0.78,0.09,0.97,0.34,0.59,0.4,0.01,0.36,0.27,0.24,0.34,0.33,0.14,0.59,0.29,0.2,0.45,0.97,0.85,1.02,-0.23,0.83,-0.81
2024,1,5,14,15,Summer,Port Louis,1.71,0.84,31.04,96.82,21.84,0.88,0.8,0.53,0.45,0.82,0.74,0.01,0.33,0.22,0.25,0.34,0.24,0.02,-0.18,0.53,0.26,0.21,0.49,0.3,-0.25,1.18,-0.83,1.59
2024,1,5,14,30,Summer,Port Louis,0.71,0.81,28.43,80.36,9.89,0.83,0.96,0.88,0.32,0.79,0.35,0.05,0.29,0.23,0.24,0.34,0.34,0.55,0.09,0.67,0.26,0.1,-0.54,-0.56,0.6,0.75,-0.17,-0.27
2024,1,5,14,45,Summer,Port Louis,2.37,0.64,30.81,77.64,13.46,0.53,0.9,0.51,0.42,0.95,0.64,0.46,0.33,0.29,0.2,0.37,0.35,0.49,0.4,0.5,-0.08,0.15,0.5,0.96,-0.11,0.51,1.33,1.09
2024,1,5,15,0,Summer,Port Louis,2.71,0.55,34.7,71.62,17.55,0.34,0.35,0.72,0.45,0.75,0.94,0.43,0.37,0.28,0.29,0.36,0.31,0.2,-0.08,0.55,0.06,-0.36,0.32,-0.29,0.01,-0.03,0.17,-0.6
2024,1,5,15,15,Summer,Port Louis,1.24,1.0,32.11,80.1,18.25,0.37,0.93,0.9,0.49,0.84,0.15,0.46,0.32,0.21,0.23,0.16,0.28,0.15,0.37,-0.19,-0.37,0.72,-0.02,-0.16,-0.43,0.64,1.31,1.58
2024,1,5,15,30,Summer,Port Louis,4.07,0.79,33.85,75.3,20.81,0.71,0.03,0.71,0.46,0.78,0.12,0.27,0.12,0.28,0.27,0.21,0.1,0.23,0.32,0.07,0.49,0.12,0.07,-0.56,1.29,1.4,1.26,-0.48
2024,1,5,15,45,Summer,Port Louis,3.37,0.98,27.96,94.52,7.28,0.28,0.92,0.53,0.36,0.71,0.16,0.1,0.26,0.23,0.28,0.23,0.46,0.43,0.45,0.76,0.73,0.96,0.58,0.11,-0.7,-0.18,1.46,0.76
2024,1,5,16,0,Summer,Port Louis,0.55,0.71,34.46,85.52,6.07,0.35,0.69,0.85,0.45,0.85,0.63,0.34,0.13,0.25,0.23,0.16,0.04,0.23,-0.09,0.77,0.19,0.56,0.2,-0.31,0.61,-0.57,0.3,-0.68
2024,1,5,16,15,Summer,Port Louis,4.07,0.78,34.7,95.46,14.98,0.85,0.47,0.9,0.31,0.63,0.2,0.37,0.13,0.22,0.26,0.29,0.49,0.51,0.11,0.33,0.09,0.75,-0.56,1.0,-0.67,0.88,0.2,1.44
2024,1,5,16,30,Summer,Port Louis,1.68,0.93,25.75,94.68,9.4,0.01,0.43,0.54,0.3,0.51,0.71,0.0,0.39,0.23,0.27,0.37,0.21,0.58,-0.11,0.41,0.6,0.88,-0.49,0.65,0.34,-0.63,-0.82,1.54
2024,1,5,16,45,Summer,Port Louis,0.01,0.95,30.73,96.36,10.7,0.78,0.37,0.63,0.24,0.64,0.87,0.19,0.2,0.2,0.27,0.24,0.16,0.26,0.59,-0.24,-0.16,0.25,0.93,0.51,-0.13,0.6,1.41,0.81
2024,1,5,17,0,Summer,Port Louis,0.8,0.65,27.3,76.62,8.48,0.41,0.34,0.99,0.23,0.74,0.76,0.09,0.18,0.26,0.28,0.29,0.17,0.09,-0.14,0.09,0.86,-0.22,0.8,1.13,-0.13,-0.41,-0.8,-1.02
2024,1,5,17,15,Summer,Port Louis,4.23,0.81,30.29,96.76,22.22,0.48,0.58,0.55,0.4,0.81,0.34,0.39,0.37,0.28,0.21,0.31,0.44,0.12,0.13,0.22,0.2,0.24,0.56,-0.52,0.91,-0.35,1.37,0.59
2024,1,5,17,30,Summer,Port Louis,3.06,0.84,34.35,71.7,8.6,0.71,0.89,0.55,0.22,0.94,0.46,0.47,0.32,0.23,0.23,0.24,0.41,-0.03,0.2,0.77,-0.13,-0.12,0.92,-0.08,0.61,0.76,0.68,-0.15
2024,1,5,17,45,Summer,Port Louis,4.31,0.47,25.34,89.57,24.27,0.45,0.44,0.87,0.45,0.7,0.67,0.01,0.34,0.22,0.22,0.14,0.36,0.13,0.46,0.13,0.39,-0.48,-0.49,-0.37,0.6,0.68,0.61,-1.02
2024,1,5,18,0,Summer,Port Louis,0.19,0.85,28.3,93.03,7.47,0.46,0.69,0.94,0.23,0.55,0.97,0.18,0.35,0.29,0.23,0.21,0.23,0.37,0.4,-0.22,0.67,0.43,-0.12,0.14,0.84,0.75,0.05,1.09
2024,1,5,18,15,Summer,Port Louis,3.94,0.81,30.22,77.02,17.25,0.93,0.37,0.59,0.46,0.67,0.75,0.15,0.3,0.25,0.25,0.15,0.18,0.29,0.61,0.17,-0.1,0.08,0.41,-0.32,0.13,1.02,-0.9,-0.72
2024,1,5,18,30,Summer,Port Louis,3.15,0.66,33.94,73.42,12.99,0.99,0.36,0.85,0.32,0.96,0.81,0.1,0.24,0.25,0.27,0.21,0.22,0.12,-0.15,-0.3,0.21,0.09,1.08,-0.69,0.03,-0.02,0.98,0.3
2024,1,5,18,45,Summer,Port Louis,1.7,0.86,27.49,88.19,6.95,0.82,0.7,0.54,0.21,0.88,0.02,0.16,0.37,0.2,0.23,0.11,0.11,0.34,0.17,0.43,0.1,0.31,1.07,-0.07,1.14,0.87,-0.52,-1.03
2024,1,5,19,0,Summer,Port Louis,4.9,0.67,32.38,71.92,10.31,0.86,0.48,0.96,0.37,0.57,0.11,0.22,0.18,0.27,0.3,0.21,0.14,0.46,-0.14,-0.16,0.1,0.33,0.12,1.18,0.09,0.42,0.41,-0.86
2024,1,5,19,15,Summer,Port Louis,4.78,0.77,33.86,74.67,24.93,0.3,0.83,0.76,0.42,0.77,0.7,0.24,0.4,0.23,0.21,0.37,0.38,-0.08,0.49,0.41,0.15,-0.12,-0.43,0.6,0.18,-0.74,0.91,-0.26
2024,1,5,19,30,Summer,Port Louis,3.5,0.54,34.01,94.97,24.79,0.05,0.77,0.73,0.33,0.74,0.8,0.06,0.11,0.29,0.23,0.33,0.1,0.39,0.48,0.65,0.2,0.52,-0.4,0.25,0.71,0.48,0.57,-0.65
2024,1,5,19,45,Summer,Port Louis,4.92,0.71,34.98,91.13,22.36,0.48,0.06,0.82,0.3,0.74,0.65,0.43,0.26,0.23,0.28,0.34,0.47,0.03,-0.11,0.73,-0.21,0.02,0.03,0.41,0.67,-0.9,0.3,-0.57
2024,1,5,20,0,Summer,Port Louis,4.8,0.68,27.54,77.69,19.44,0.16,0.21,0.98,0.42,0.78,0.48,0.49,0.35,0.2,0.26,0.12,0.31,0.41,0.63,0.18,0.72,0.68,1.03,-0.56,0.96,-0.52,1.05,-0.16
2024,1,5,20,15,Summer,Port Louis,0.29,0.6,34.77,74.19,10.76,0.55,0.55,0.99,0.4,0.89,0.53,0.11,0.18,0.22,0.28,0.34,0.03,0.23,0.27,0.18,-0.32,-0.48,0.94,1.18,1.09,0.6,1.17,0.43
2024,1,5,20,30,Summer,Port Louis,3.05,0.86,33.19,78.01,8.63,0.91,0.26,0.6,0.28,0.72,0.01,0.4,0.13,0.29,0.23,0.35,0.41,0.41,0.56,-0.03,0.34,0.44,0.88,-0.56,0.11,0.22,1.16,-0.5
2024,1,5,20,45,Summer,Port Louis,4.92,0.69,30.08,70.23,23.13,0.93,0.54,0.54,0.5,0.68,0.18,0.33,0.32,0.23,0.25,0.29,0.42,0.22,0.11,0.48,-0.26,0.8,-0.31,-0.52,0.82,-0.22,1.2,1.07
2024,1,5,21,0,Summer,Port Louis,2.61,0.51,25.38,95.75,15.39,0.62,0.09,0.64,0.36,0.58,0.39,0.06,0.27,0.27,0.21,0.33,0.11,0.46,0.4,0.19,-0.16,0.65,0.1,-0.54,-0.03,-0.27,0.16,0.63
2024,1,5,21,15,Summer,Port Louis,1.15,0.81,31.52,74.84,12.97,0.87,0.84,0.9,0.23,0.71,0.49,0.29,0.24,0.27,0.27,0.29,0.28,0.29,-0.06,-0.2,-0.34,-0.17,0.68,0.66,1.17,0.28,-0.67,1.15
2024,1,5,21,30,Summer,Port Louis,1.63,0.83,25.75,91.4,17.83,0.68,0.52,0.55,0.37,0.73,0.25,0.1,0.12,0.24,0.3,0.12,0.39,0.22,0.22,0.29,0.72,-0.01,0.05,1.17,-0.15,0.38,1.44,0.52
2024,1,5,21,45,Summer,Port Louis,1.57,0.83,33.43,98.06,9.37,0.51,0.89,0.89,0.3,0.72,0.06,0.23,0.11,0.27,0.27,0.35,0.07,-0.04,-0.18,0.43,0.6,-0.48,0.4,0.42,1.23,-0.47,1.23,-0.64
2024,1,5,22,0,Summer,Port Louis,4.31,0.49,31.02,90.87,5.11,0.87,0.96,0.69,0.42,0.94,0.41,0.25,0.27,0.21,0.2,0.18,0.5,0.09,0.29,-0.27,0.04,-0.34,-0.48,-0.06,0.04,0.46,0.6,-0.7
2024,1,5,22,15,Summer,Port Louis,2.02,0.53,34.47,83.47,15.69,0.01,0.52,0.88,0.49,0.77,0.13,0.38,0.19,0.2,0.23,0.22,0.35,0.53,0.52,0.4,-0.14,0.94,0.71,0.81,-0.1,-0.83,0.67,0.73
2024,1,5,22,30,Summer,Port Louis,4.95,0.82,33.52,74.62,21.84,0.71,0.51,0.71,0.26,0.99,0.93,0.13,0.2,0.22,0.26,0.35,0.44,0.32,-0.19,0.51,0.14,0.04,0.35,-0.25,-0.74,1.34,-0.86,0.8
2024,1,5,22,45,Summer,Port Louis,2.36,0.47,30.45,98.11,24.7,0.31,0.93,0.95,0.29,0.52,0.33,0.27,0.32,0.25,0.28,0.24,0.24,-0.06,-0.13,0.63,0.75,0.75,-0.25,0.31,-0.16,0.13,0.36,0.29
2024,1,5,23,0,Summer,Port Louis,4.58,0.64,32.26,73.75,16.13,0.41,0.38,0.99,0.49,0.83,0.07,0.31,0.14,0.27,0.28,0.33,0.21,0.09,0.64,0.33,-0.29,-0.32,0.84,-0.36,0.92,0.94,0.33,0.23
2024,1,5,23,15,Summer,Port Louis,4.58,0.72,26.11,83.07,18.62,0.61,0.27,0.73,0.36,0.73,0.69,0.33,0.34,0.25,0.29,0.32,0.42,0.46,0.44,0.73,0.76,1.0,-0.19,-0.58,-0.51,-0.66,1.19,1.53
2024,1,5,23,30,Summer,Port Louis,1.56,0.67,26.77,90.91,23.57,0.06,0.68,0.92,0.29,0.96,0.18,0.08,0.18,0.23,0.25,0.19,0.47,0.46,-0.17,-0.18,-0.25,0.75,1.02,-0.68,0.86,0.48,0.17,-0.86
2024,1,5,23,45,Summer,Port Louis,3.7,0.61,26.99,85.0,6.07,0.8,0.38,0.76,0.45,0.84,0.9,0.39,0.29,0.26,0.22,0.16,0.09,0.41,0.53,0.43,-0.13,0.29,0.07,0.86,0.19,-0.54,0.72,1.07
